rock,"
    
    Idąc cmentarną aleją 
szukam ciebie, mój przyjacielu
Odszedłeś bo byłeś słaby 
jak suchy liść
Dziś możemy dotknąć się 
naszymi pustymi duszami
Obnażyć swe oszustwa
 i nasze wypalone sumienia
Już nikogo nie dręczą 
nasze mdłe spojrzenia
Dziś nareszcie jesteśmy sami 
w ten listopadowy wieczór
Idąc jesienną aleją szukam ciebie 
mój przyjacielu
Chcę być tylko z tobą 
przez kilka małych chwil
Pomóż mi przywołać dawne lata 
ożywić śpiących ludzi
Pomóż mi...
pomóż mi pokonać smutek 
który pozostał gdy nagle odszedłeś
Już nikogo nie dręczą nasze mdłe spojrzenia
Dziś jesteśmy nareszcie sami 
w ten listopadowy wieczór...
    
     
 
"
rock,"
    
    Nie płacz, Ewka, bo tu miejsca brak na twe babskie łzy
Po ulicy miłość hula wiatr wśród rozbitych szyb
Patrz, poeci śliczni prawdy sens roztrwonili w grach
W półlitrówkach pustych SOS wysyłają w świat
Żegnam was, już wiem
Nie załatwię wszystkich pilnych spraw
Idę sam, właśnie tam, gdzie czekają mnie
Tam przyjaciół kilku mam od lat
Dla nich zawsze śpiewam, dla nich gram
Jeszcze raz żegnam was, nie spotkamy się
Proza życia to przyjaźni kat, pęka cienka nić
Telewizor, meble, mały fiat: oto marzeń szczyt
Hej, prorocy moi z gniewnych lat, obrastacie w tłuszcz
Już was w swoje szpony dopadł szmal, zdrada płynie z ust
Żegnam was, już wiem
Nie załatwię wszystkich pilnych spraw
Idę sam, właśnie tam, gdzie czekają mnie
Tam przyjaciół kilku mam od lat
Dla nich zawsze śpiewam, dla nich gram
Jeszcze raz żegnam was, nie spotkamy się 
    
     
 
"
rock,"
    
    Może masz w głowie myśli bardziej szalone niż ja.
Może masz skrzydła, których by Tobie pozazdrościł ptak.
Może masz serce całe ze szlachetnego szkła.
Może masz kogoś, a może właśnie kogoś Ci brak.
Nie płacz, nie płacz, o nie!
Może masz oczy, w których nie gościł dotąd strach.
Może masz w sobie niechęć do wojny i brudnych spraw.
Może masz litość, a może uczuć już w Tobie brak.
Może masz wszystko, lecz nie masz tego co mam ja.
Nie ma nikt takiej nadziei jak ja.
Nie ma nikt takiej wiary w ludzi i cały ten świat.
Nie ma nikt tylu zmarnowanych lat.
Nie ma nikt, bo któż to wszystko mieć by chciał.
Tylko ja, tylko ja.
Nie ma nikt takiej nadziei jak ja.
Nie ma nikt takiej wiary w ludzi i cały ten świat.
Nie ma nikt tylu zmarnowanych lat.
Nie ma nikt, bo któż to wszystko mieć by chciał.
Tylko ja, tylko ja.
    
     
 
"
rock,"
    
    Mówią o mnie w mieście: Co z niego za typ?
Wciąż chodzi pijany, pewno nie wie co to wstyd.
Brudny, niedomytek, w stajni ciągle śpi!
Czego szuka w naszym mieście?
Idź do diabła - mówią ludzie pełni cnót.
Chciałem kiedyś zmądrzeć, po ich stronie być,
Spać w czystej pościeli, świeże mleko pić.
Naprawdę chciałem zmądrzeć i po ich stronie być.
Pomyślałem więc o żonie, aby stać się jednym z nich,
Stać się jednym z nich, stać się jednym z nich...
Już miałem na oku hacjendę, wspaniałą, mówię wam,
Lecz nie chciała tam zamieszkać żadna z pięknych dam.
Wszystkie śmiały się, wołając, wołając za mną wciąż:
Bardzo ładny Frak masz, Billy,
Ale kiepski byłby z Ciebie mąż, kiepski byłby z Ciebie mąż.
Ouuu, yeah, yeah, yeah.
Kiepski byłby mąż.
Yeah.
Whisky, moja żono, jednak Tyś najlepszą z dam.
Już mnie nie opuścisz, nie, nie będę sam.
Mówią: whisky to nie wszystko, można bez niej żyć,
Lecz nie wiedzą o tym,
Że najgorzej w życiu to,
To samotnym być, to samotnym być
O nie!
Lecz nie wiedzą o tym, że
Najgorzej to,
To samotnym być.
Nie, o nie!
Nie chcę już samotnym być, nie!
O nie!
Nie chcę już, nie chcę już samotnym być, nie!
Nie chcę już, nie chcę już samotnym być, nie!
Nie!
    
     
 
"
rock,"
    
    Może masz w głowie myśli bardziej szalone niż ja.
Może masz skrzydła, których by Tobie pozazdrościł ptak.
Może masz serce całe ze szlachetnego szkła.
Może masz kogoś, a może właśnie kogoś Ci brak.
Nie płacz, nie płacz, o nie!
Może masz oczy, w których nie gościł dotąd strach.
Może masz w sobie niechęć do wojny i brudnych spraw.
Może masz litość, a może uczuć już w Tobie brak.
Może masz wszystko, lecz nie masz tego co mam ja.
Nie ma nikt takiej nadziei jak ja.
Nie ma nikt takiej wiary w ludzi i cały ten świat.
Nie ma nikt tylu zmarnowanych lat.
Nie ma nikt, bo któż to wszystko mieć by chciał.
Tylko ja, tylko ja.
Nie ma nikt takiej nadziei jak ja.
Nie ma nikt takiej wiary w ludzi i cały ten świat.
Nie ma nikt tylu zmarnowanych lat.
Nie ma nikt, bo któż to wszystko mieć by chciał.
Tylko ja, tylko ja.
    
     
 
"
rock,"
    
    Miałem dziesięć lat
Gdy usłyszał o nim świat
W mej piwnicy był nasz klub
Kumpel radio zniósł
Usłyszałem Blue Suede Shoes
I nie mogłem w nocy spać
Wiatr odnowy wiał
Darowano reszty kar
Znów się można było śmiać
W kawiarniany gwar
Jak tornado jazz się wdarł
I ja też chciałem grać
Ojciec, Bóg wie gdzie
Martenowski stawiał piec
Mnie paznokieć z palca zszedł
Z gryfu został wiór
Grałem milion różnych bzdur
I poznałem co to seks
Pocztówkowy szał
Każdy z nas ich pięćset miał
Zamiast nowej pary jeans
A w sobotnią noc
Był Luxembourg, chata, szkło
Jakże się chciało żyć!
Było nas trzech
W każdym z nas inna krew
Ale jeden przyświecał nam cel
Za kilka lat
Mieć u stóp cały świat
Wszystkiego w bród
Alpagi łyk
I dyskusje po świt
Niecierpliwy w nas ciskał się duch
Ktoś dostał w nos
To popłakał się ktoś
Coś działo się
Poróżniła nas
Za jej Poli Raksy twarz
Każdy by się zabić dał
W pewną letnią noc
Gdzieś na dach wyniosłem koc
I dostałem to, com chciał
Powiedziała mi
Że kłopoty mogą być
Ja jej, że egzamin mam
Odkręciła gaz
Nie zapukał nikt na czas
Znów jak pies, byłem sam
Stu różnych ról
Czym ugasić mój ból
Nauczyło mnie życie jak nikt
W wyrku na wznak
Przechrapałem swój czas
Najlepszy czas
W knajpie dla braw
Klezmer kazał mi grać
Takie rzeczy, że jeszcze mi wstyd
Pewnego dnia
Zrozumiałem, że ja
Nie umiem nic
Słuchaj mnie tam!
Pokonałem się sam
Oto wyśnił się wielki mój sen
Tysięczny tłum
Spija słowa z mych ust
Kochają mnie
W hotelu fan
Mówi: na taśmie mam
To jak w gardłach im rodzi się śpiew
Otwieram drzwi
I nie mówię już nic
Do czterech ścian
    
     
 
"
rock,"
    
    Chmury wiszą nad miastem, ciemno i wstać nie mogę 
Naciągam głębiej kołdrę, znikam, kulę się w sobie 
Powietrze lepkie i gęste, wilgoć osiada na twarzach 
Ptak smętnie siedzi na drzewie, leniwie pióra wygładza 
Poranek przechodzi w południe, bezwładnie mijają godziny 
Czasem zabrzęczy mucha w sidłach pajęczyny 
A słońce wysoko, wysoko świeci pilotom w oczy 
Ogrzewa niestrudzenie zimne niebieskie przestrzenie 
Czekam na wiatr, co rozgoni 
Ciemne skłębione zasłony 
Stanę wtedy na RAZ! 
Ze słońcem twarzą w twarz 
Ulice mgłami spowite, toną w ślepych kałużach 
Przez okno patrzę znużona, z tęsknotą myślę o burzy 
A słońce wysoko, wysoko świeci pilotom w oczy 
Ogrzewa niestrudzenie zimne niebieskie przestrzenie 
Czekam na wiatr, co rozgoni 
Ciemne skłębione zasłony 
Stanę wtedy na RAZ!
Ze słońcem twarzą w twarz
    
     
 
"
rock,"
    
    Wizje chodźcie do mnie
Blisko najbliżej
Zostańcie w mojej głowie
Najdziksze sny
Oto jest wasza scena
Reflektor niżej
Korowód moich marzeń
Wiruje, lśni
Skąd wziął się ten śnieg
Pośrodku lata
Skąd ten saksofon, który 
Pod czaszką gra
Już eksplodują lustra
Całego świata
I nieskończenie wolno
Pulsuje czas
Nadciąga noc komety
Ognistych meteorów deszcz
Nie dowiesz się z gazety
Kto przeżyje swoją śmierć
Blaski odblaski powódź pozłoty
Krzyże południa
I gwiezdny pył
Stosy diamentów
Co zimnym światłem
Będą się palić
Do kresu dni
Nadciąga noc komety...
Bladą dłonią świt
Otrze pot i łzy
Koszmar minie
Znikną duszne sny
    
     
 
"
rock,"
    
    Nad ogromną betonową wsią,
Z wolna gaśnie słoneczna żarówka.
Pod ogromną betonową wieś,
Kocim krokiem podchodzi szarówka.
Już z ogonków wycofały się,
Frasobliwe kolejek Madonny.
Do kapliczek powracają gdzie,
Telewizor z prognozą pogody!
Szklana pogoda,
Szyby niebieskie od telewizorów!
Szklana pogoda,
Szklanka naciąga bez humoru!
Szklana pogodaa!
Rygle, zamki zabezpieczą drzwi,
Szklany judasz gości skontroluje.
Noc nie straszna, kiedy kłódki trzy,
Na złodzieja bracie narychtujesz!
Windy szumią śpiewankę do snu,
Sąsiad pacierz klepie na kolanach.
Może jeszcze raz się uda znów,
Przetrwać noc i doczołgać do rana!
 
Szklana pogoda,
Szyby niebieskie od telewizorów!
Szklana pogoda,
Szklanka naciąga bez humoru!
Szklana pogodaaa!
(c) 1983 wyk.: Małgorzata Ostrowska
Wytwórnia: Polskie Nagrania Muza
Numer katalogowy: SS 811
    
     
 
"
rock,"
    
    Żyj z całych sił
I uśmiechaj się do ludzi
Bo nie jesteś sam
Śpij, nocą śnij
Niech zły sen Cię nigdy więcej nie obudzi
Teraz śpij
Niech dobry Bóg
Zawsze cię za rękę trzyma
Kiedy ciemny wiatr
Porywa spokój
Siejąc smutek i zwątpienie
Pamiętaj, że
Jak na deszczu łza
Cały ten świat nie znaczy nic a nic...
Chwila, która trwa
Może być najlepszą z Twoich chwil...
Idź własną drogą
Bo w tym cały sens istnienia
Żeby umieć żyć
Bez znieczulenia
Bez niepotrzebnych niespełnienia
Myśli złych
Jak na deszczu łza
Cały ten świat nie znaczy nic a nic...
Chwila, która trwa
Może być najlepszą z Twoich chwil...
Najlepszą z Twoich chwil
Niech dobry Bóg
Zawsze cię za rękę trzyma
Kiedy ciemny wiatr
Porywa spokój
Siejąc smutek i zwątpienie
Pamiętaj
Jak na deszczu łza
Cały ten świat nie znaczy nic a nic...
Chwila, która trwa
Może być najlepszą z Twoich chwil...
Najlepszą z Twoich chwil/
    
     
 
"
rock,"
    
    Mamo piszę do Ciebie wiersz, 
Może ostatni, na pewno pierwszy. 
Jest głęboka, ciemna noc, 
Siedzę w łóżku a obok śpi ona 
I tak spokojnie oddycha. 
Dobiega mnie jakaś muzyka, 
Nie, to tylko w mej głowie szum. 
Siedzę, tonę i tonę we łzach, 
Bo jest mi smutno, bo jestem sam.
Dławi mnie strach !
Samotność to taka straszna trwoga, 
Ogarnia mnie, przenika mnie. 
Wiesz mamo, wyobraziłem sobie, że 
Że nie ma Boga, nie ma nie! Nie ma Boga, nie. 
Spokojny jest tylko mój dom, 
Gdzie Ty jesteś a mnie tam nie ma. 
Gdzie nie wrócę już chyba, chyba nie, 
Mamo bardzo Cię kocham, kocham Cię! 
Myślałem, że Ty skrzywdziłaś mnie, 
A to ja, skrzywdziłem Ciebie. 
Szkoda, że tak późno pojąłem to
tak późno to zrozumiałem, zrozumiałem to 
Samotność to taka straszna trwoga, 
Ogarnia mnie, przenika mnie. 
Wiesz mamo, wyobraziłem sobie, że 
Że nie ma Boga nie, nie ma nie! 
Samotność to taka straszna trwoga, 
Ogarnia mnie, przenika mnie. 
Wiesz mamo, wyobraziłem sobie, że 
Że nie ma Boga nie ma, nie ma Boga nie! 
    
     
 
"
rock,"
    
    Spadam
Powoli spadam
W korytarze świateł
W pomruki znaczeń
Spadam
Jakby nie było
Całego świata
Jak by nie było nawet mnie
Spadam
Pomiędzy zdania
W niedorzeczności
Bez wahania
Spadam
Chroni mnie wiara
Niech będzie chwała Bogu
A w mojej duszy spokój
Spadam
Co się wyprawia?
Cały w spadaniu
Cały ze światła
Spadam
Jaka zabawa
Jaki tu spokój
Równowaga
Spadam
Nie czuję ciała
I tylko błagam
O łaskę trwania, jeszcze
Spadam
Zostaniesz sama
A może to mój chory sen?
A może śmierć?
A może nie ma
Nie, nie ma,
Może nie ma mnie?
Nie, nie, nie, nie, nie
Sen
A może śmierć
A może nie ma
Nie ma, nie ma, nie ma
Tak
Nie ma mnie
Sen
Śmierć 
A może nie ma, nie, nie ma,
Może nie ma mnie 
Nie, nie, nie
    
     
 
"
rock,"
    
    Śpisz pięknie tak
Po kątach cisza gra
Szkoda słów
Resztę dopowie księżyc
Śpisz, staram się
Oddychać szeptem
Pościel jeszcze pachnie
Ogniem naszych ciał
Kiedyś znajdę dla nas dom
Z wielkim oknem na świat
Znowu zaczniesz ufać mi
Nie pozwolę Ci się bać
Kiedyś wszystkie czarne dni
Obrócimy w dobry żart
Znowu będziesz ufał mi
Teraz śpij
Wiem, dobrze wiem
Potrafię ranić tak jak nikt, przykro mi
Nie wiem co robić, gdy płaczesz
Już nie śmiejesz się jak kiedyś
Wszystko jest inaczej
Kolejny raz proszę Cię
O ostatnią szansę
Kiedyś znajdę dla nas dom
Z wielkim oknem na świat
Znowu będziesz ufał mi
Nie pozwolę Ci się bać
Kiedyś wszystkie czarne dni
Obrócimy w dobry żart
Znowu będziesz ufał mi
Teraz śpij
Tak pięknie
    
     
 
"
rock,"
    
    To było łoże w kolorze czerwonym 
A to był mój kolor ulubiony 
To tutaj stawałaś się kobietą 
Zdradzałaś mi swe sekrety 
To było łoże w kolorze czerwonym 
A to był mój kolor ulubiony 
To tutaj leżałaś, a ja całowałem 
Twój mokry brzuch całowałem 
To tutaj byliśmy mężem i żoną 
To było łoże w kolorze czerwonym 
To tutaj byliśmy mężem i żoną 
A pościel płakała zakrwawiona 
To tutaj byliśmy mężem i żoną 
To było łoże w kolorze czerwonym 
To tutaj byliśmy mężem i żoną 
A pościel płakała zakrwawiona 
To było łoże w kolorze czerwonym 
A to był mój kolor ulubiony 
To tutaj leżałaś, a ja całowałem 
Twój mokry brzuch całowałem 
To było łoże w kolorze czerwonym 
A to był mój kolor ulubiony 
To tutaj stawałaś się kobietą 
Zdradzałaś mi swe sekrety 
To było łoże
    
     
 
"
rock,"
    
    Zdawało mi się wczoraj, że jestem potworem
Ohydną bestią ziejącą smrodem
Zostałem stworzony bez udziału mojej woli
W podziemiach tajnej fabryki Coca-Coli
W wyniku badań nad bezsensem istnienia
Poczęto istotę niezdolną do myślenia
Nauczono mnie jeść wyłącznie w MacDonaldzie
Pożeram więc ludzi stojących przy kasie
 Robotnicy w fabryce, policjanci na ulicy
Złodzieje w więzieniach, artyści w podziemiach
Jest prawo i porządek, chcemy pełny mieć żołądek
Telewizja nie kłamie, uwierzcie reklamie!
Nigdy się nie myję, nie używam wody
Wolę kosmetyki ze zmielonej krowy
Spryskuję swoje ciało dezodorantami
Ubrania posypuję najbielszymi proszkami
Piję tylko z puszki benzoesan sodowy
Ekstrakty, konserwanty, kwas fosforowy
Przy użyciu najnowszej generacji komputera
Potrafię zmienić tekturę w hamburgera
Robotnicy w fabryce, policjanci na ulicy
Złodzieje w więzieniach, artyści w podziemiach
Jest prawo i porządek, chcemy pełny mieć żołądek
Telewizja nie kłamie, uwierzcie reklamie!
Zdawało mi się wczoraj, że jestem potworem
Ohydną bestią ziejącą smrodem
Zostałem stworzony bez udziału mojej woli
W podziemiach tajnej fabryki Coca-Coli
Wychodzę w miasto, idę pewnym krokiem
Przerażeni ludzie omijają mnie bokiem
Wszystko co robię jest kompletnie chore
Zdawało mi się wczoraj, że jestem potworem
Robotnicy w fabryce, policjanci na ulicy
Złodzieje w więzieniach, artyści w podziemiach
Jest prawo i porządek, chcemy pełny mieć żołądek
Telewizja nie kłamie, uwierzcie reklamie!
    
     
 
"
rock,"
    
    Wysłuchaj mojej pieśni, Panie, 
do Ciebie wznoszę dzisiaj głos. 
Ty jesteś wszędzie, wszystkim jesteś Ty, 
lecz kamieniem nie bądź mi. 
Do Ciebie pieśnią wołam, Panie, 
bo ponoć wszystko możesz dać, 
więc błagam, daj mi szansę jeszcze raz, 
daj mi ją ostatni raz. 
Wystarczy, abyś skinął ręką, 
wystarczy jedna Twoja myśl, 
a zacznę życie swoje jeszcze raz, 
więc o Boski błagam gest. 
Do Ciebie pieśń tę wznoszę, Panie, 
czy słyszysz mój błagalny głos? 
Raz jeszcze daj mi od początku iść, 
daj mi życie jeszcze raz. 
Już nie zmarnuję ani chwili, 
bo dni straconych gorycz znam, 
więc błagam, daj mi szansę jeszcze raz, 
daj mi ją ostatni raz. 
A jeśli życia dać nie możesz, 
to spraw, bym przeżył jeszcze raz 
tę miłość, która już wygasła w nas, 
spraw, bym przeżył jeszcze raz. 
Do Ciebie pieśnią wołam, Panie, 
do Ciebie wznoszę dzisiaj głos. 
Ty chlebem, ptakiem, słońcem możesz być, 
więc kamieniem nie bądź mi.
    
     
 
"
rock,"
    
    Gdy emocje już opadną 
Jak po wielkiej bitwie kurz 
Gdy nie można mocą żadną 
Wykrzyczanych cofnąć słów 
Czy w milczeniu białych haniebnych flag 
Zejść z barykady 
Czy podobnym być do skały 
Posypując solą ból 
Jak posąg pychy samotnie stać 
Gdy ktoś, kto mi jest światełkiem 
Gaśnie nagle w biały dzień 
Gdy na drodze za zakrętem 
Przeznaczenie spotka mnie 
Czy w bezsilnej złości łykając żal 
Dać się powalić 
Czy się każdą chwilą bawić 
Aż do końca wierząc, że 
Los inny mi pisany jest 
Płyniemy przez wielki Babilon 
Dopóki miłość nie złowi nas 
W korowodzie zmysłów możemy trwać 
Niepokonani 
Nim się ogień w nas wypali 
Nim ocean naszych snów 
Łyżeczką się odmierzyć da
Trzeba wiedzieć kiedy ze sceny zejść 
Niepokonanym 
Wśród tandety lśniąc jak diament 
Być zagadką, której nikt 
Nie zdąży zgadnąć nim minie czas
    
     
 
"
rock,"
    
    Mam tak samo, jak ty
Miasto moje, a w nim
Najpiękniejszy mój świat
Najpiękniejsze dni
Zostawiłem tam kolorowe sny
Kiedyś zatrzymam czas
I na skrzydłach jak ptak
Będę leciał co sił
Tam, gdzie moje sny
I warszawskie kolorowe dni.
Gdybyś ujrzeć chciał 
Nadwiślański świt
Już dziś wyruszaj ze mną tam
Zobaczysz, jak 
Przywita pięknie nas
Warszawski dzień
Mam tak samo, jak ty
Miasto moje, a w nim
Najpiękniejszy mój świat
Najpiękniejsze dni
Zostawiłem tam kolorowe sny
Gdybyś ujrzeć chciał 
Nadwiślański świt
Już dziś wyruszaj ze mną tam
Zobaczysz, jak 
Przywita pięknie nas
Warszawski dzień
Zobaczysz, jak 
Przywita pięknie nas
Warszawski dzień
Warszawski dzień
Warszawski dzień!
    
     
 
"
rock,"
    
    Ech ci ludzie, to brudne świnie 
Co napletli o mojej dziewczynie 
Jakieś bzdury o jej nałogach 
No to po prostu litość i trwoga
Tak to bywa gdy ktoś zazdrości 
Kiedy brak mu własnej miłości
Plotki płodzi, mnie nie zaszkodzi żadne obce zło 
Na mój sposób widzieć ją  
Na głowie kwietny ma wianek 
W ręku zielony badylek
A przed nią bieży baranek
A nad nią lata motylek 
A przed nią bieży baranek
A nad nią lata motylek 
Krzywdę robią mojej panience 
Opluć chcą ją podli zboczeńcy 
Utopić chcą ją w morzu zawiści 
Paranoicy, podli sadyści 
Utaplani w brudnej rozpuście 
A na gębach fałszywy uśmiech 
Byle zagnać do swego bagna, ale wara wam 
Ja ją przecież lepiej znam 
Na głowie kwietny ma wianek 
W ręku zielony badylek 
A przed nią bieży baranek 
A nad nią lata motylek 
A przed nią bieży baranek
A nad nią lata motylek 
Znów widzieli ją z jakimś chłopem 
Znów pojechała do St. Tropez 
Znów męczyła się, Boże drogi 
Znów na jachtach myła podłogi 
Tylko czemu ręce ma białe 
Chciałem zapytać, zapomniałem 
Ciało kłoniąc skinęła dłonią wsparła skroń o skroń 
I znów zapadłem w nią jak w toń 
Ach, dziewczyna pięknie się stara 
Kosi pieniądz, ma jaguara 
Trudno pracę z miłością zgodzić 
Rzadziej może do mnie przychodzić 
Tylko pyta kryjąc rumieniec 
Czemu patrzę jak potępieniec 
Czemu zgrzytam, kiedy się pyta czy ma ładny biust 
Czemu toczę pianę z ust 
Na głowie kwietny ma wianek 
W ręku zielony badylek 
A przed nią bieży baranek 
A nad nią lata motylek
A przed nią bieży baranek
A nad nią lata motylek
    
     
 
"
rock,"
    
    To nie karnawał
ale tańczyć chcę
i będę tańczył z nią po dzień
To nie zabawa
ale bawię się
bezsenne noce, senne dnie
To nie kochanka
ale sypiam z nią
choć śmieją ze mnie się i drwią
Taka zmęczona
i pijana wciąż
dlatego nie
Nie pytaj więcej mnie
Nie pytaj mnie
dlaczego jestem z nią
nie pytaj mnie
dlaczego z inną nie
nie pytaj mnie
dlaczego myślę, że...
że nie ma dla mnie innych miejsc
Nie pytaj mnie
co ciągle widzę w niej
nie pytaj mnie 
dlaczego w innej nie
nie pytaj mnie
dlaczego ciągle chcę
zasypiać w niej i budzić się
Te brudne dworce
gdzie spotykam ją
te tłumy, które cicho klną
Ten pijak, który mruczy coś przez sen
że póki my żyjemy - ona żyje też
Nie pytaj mnie
nie pytaj mnie
co widzę w niej
Nie pytaj mnie
co ciągle widzę w niej
nie pytaj mnie 
dlaczego w innej nie
nie pytaj mnie
dlaczego ciągle chcę
zasypiać w niej i budzić się
Nie pytaj mnie
dlaczego jestem z nią
nie pytaj mnie
dlaczego z inną nie
nie pytaj mnie
dlaczego myślę, że...
że nie ma dla mnie innych miejsc
    
     
 
"
rock,"
    
    Zanim powiesz jej, że
to był ostatni raz,
zanim dzień spłoszy srebrnego ptaka nocy –
rozkołysz, rozkołysz, jeszcze raz.
Zanim ukradniesz jej,
ostatni kolor ze snu
zanim, gdy na chwilę zamknie oczy, znikniesz –
zabierz jej, zabierz jej, zabierz jej z ręki nóż.
Ona ma siłę
nie wiesz jak wielką.
Będzie spadać długo,
potem wstanie lekko.
Zanim zrozumiesz, jak 
bardzo kochałeś ją,
zanim pobiegniesz kupić czerwone wino –
ona zapomni, zapomni już świat twych rąk.
Zanim będziesz próbował 
odkupić ją za słowa –
zobaczysz, jak na drugim brzegu rzeki
spokojnie, spokojnie, spokojnie stoi z nim.
Ona ma siłę
nie wiesz jak wielką.
Umierała długo,
teraz rodzi się lekko.
Ona ma (ona ma siłę) siłę
nie wiesz jak wielką.
Umierała (umierała) długo,
teraz rodzi się lekko.
    
     
 
"
rock,"
    
    Dziwny jest ten świat, 
gdzie jeszcze wciąż 
mieści się wiele zła. 
I dziwne jest to, 
że od tylu lat 
człowiekiem gardzi człowiek. 
Dziwny ten świat, 
świat ludzkich spraw, 
czasem aż wstyd przyznać się. 
A jednak często jest, 
że ktoś słowem złym 
zabija tak, jak nożem. 
Lecz ludzi dobrej woli jest więcej 
i mocno wierzę w to, 
że ten świat 
nie zginie nigdy dzięki nim. 
Nie! Nie! Nie! Nie!
Przyszedł już czas, 
najwyższy czas, 
nienawiść zniszczyć w sobie. 
Lecz ludzi dobrej woli jest więcej 
i mocno wierzę w to, 
że ten świat 
nie zginie nigdy dzięki nim. 
Nie! Nie! Nie! Nie! Nie!
Nadszedł już czas, 
najwyższy czas, 
nienawiść zniszczyć w sobie.
    
     
 
"
rock,"
    
    Na dnie sarkofagu noc, czarna suknia. 
Rozrzucam korale wspomnień... 
Wtulona w włosów płaszcz, wonna rodnią swą. 
Teraz okryta snem. 
Na wpół lodowata dłoń, zimne Twe usta 
A jeszcze niedawno ogień tlił... 
Pamiętam rozkoszny wiatr, masztem gnący sztorm. 
Daję Ci moją łzę. 
Okręt mój płynie dalej, gdzieś tam... 
Serce choć popękane, chce bić...
Nie ma Cię i nie było... jest noc... 
Nie ma mnie i nie było... jest dzień...
Okręt mój płynie dalej, gdzieś tam... 
Serce choć popękane, chce bić...
Nie ma Cię i nie było... jest noc... 
Nie ma mnie i nie było... jest dzień...
    
     
 
"
rock,"
    
    Jeśli kogoś kochasz, jeśli wiesz
Czym jest miłość, jaki jest jej sens
Jeśli tylko szczęście widzieć chcesz
Mów do mnie szeptem
Co dalej jest? 
Co dalej jest...
Jeśli się nie boisz mówić nic
Jeśli się nie boisz mówić nie
Jeśli wszechświat to wszystko
Powiedz może wiesz
Co dalej jest?
Co dalej...
Jeśli zawsze znasz odpowiedź, jeśli  wiesz
Jeśli tylko szczęście widzieć chcesz
Mów do mnie czule
Mów do mnie jeszcze
Kocham cię
    
     
 
"
rock,"
    
    Ta niedziela jest jak film, tani klasy B, 
Facet się pałęta w nim w nieciekawym tle, 
Scenarzysta forsę wziął, potem zaczął pić 
I z dialogów wyszło dno, zero, czyli nic. 
Wszyscy święci balują w niebie, 
Złoty sypie się kurz, 
A ja włóczę się znów bez Ciebie 
I do piekła mam tuż. 
Tak bym chciał Cię spotkać raz, w ten jedyny dzień 
Lub o tydzień cofnąć czas, ale nie da się, 
Chociaż samotności smak aż do bólu znam, 
Kiedy innych niedziel brak, trudno, co mi tam... 
Wszyscy święci balują w niebie, 
Złoty sypie się kurz, 
A ja włóczę się znów bez Ciebie 
I do piekła mam tuż. 
Świat się tylko już ze mną kręci, 
Gwiazdy płoną jak stal, 
Skasowałaś mnie w swej pamięci, 
Aż mi siebie jest żal. 
W niebie dzisiaj wszyscy, wszyscy świeci mają bal
W niebie dzisiaj wszyscy, wszyscy świeci mają bal
Wszyscy święci balują w niebie, 
Złoty sypie się kurz, 
A ja włóczę się znów bez Ciebie 
I do piekła mam tuż. 
Świat się tylko już ze mną kręci, 
Gwiazdy płoną jak stal, 
Skasowałaś mnie w swej pamięci, 
Aż mi siebie jest żal. 
W niebie dzisiaj wszyscy, wszyscy świeci mają bal.
W niebie dzisiaj wszyscy, wszyscy świeci mają bal.
W niebie dzisiaj wszyscy, wszyscy świeci mają bal.
W niebie dzisiaj wszyscy, wszyscy świeci mają bal.
    
     
 
"
rock,"
    
    Chciałbym być sobą 
Chciałbym być sobą wreszcie 
Chciałbym być sobą 
Chciałbym być sobą jeszcze 
Jak co dzień rano, bułkę maślaną 
Popijam kawą, nad gazety plamą 
Nikt mi nie powie, wiem co mam robić 
Szklanką o ścianę rzucam, chcę wychodzić 
Na klatce stoi cieć, co się boi 
Nawet odkłonić, miotłę ściska w dłoni 
Ortalion szary chwytam za bary 
I przerażonej twarzy krzyczę prosto w nos! 
Chciałbym być sobą 
Chciałbym być sobą wreszcie
Chciałbym być sobą 
Chciałbym być sobą jeszcze 
Trzymam się ściany, niczym pijany 
Tłum wkoło tańczy tangiem opętany 
Stopy zmęczone depczą koronę 
Król balu zwleka, oczy ma szalone 
Magda w podzięce, chwyta me ręce 
I nie ma sprawy, ślicznie jej w sukience 
Po co się spieszysz, po co się spieszysz 
Przecież do końca życia mamy na to czas! 
Aby być sobą 
Aby być sobą jeszcze 
Aby być sobą 
Aby być sobą wreszcie 
Chciałbym być sobą 
Chciałbym być sobą wreszcie
Chciałbym być sobą 
Chciałbym być sobą jeszcze
Chcemy być sobą 
Chcemy być sobą wreszcie
Chcemy być sobą 
Chcemy być sobą jeszcze
Chcemy być sobą 
Chcemy być sobą wreszcie
Chcemy być sobą
Chcemy być sobą jeszcze
    
     
 
"
rock,"
    
    Widziałem domy o milionach okien 
A w każdym oknie czaił się ból 
Widziałem twarze, miliony twarzy 
Miliony masek do milionów ról 
Ciemny tłum kłębił się i wyciągał ręce 
Wciąż było mało i ciągle chciał więcej 
I wciąż nie starczało, ciągle było brak
Ciągle bolało, że ciągle jest tak 
Strach nie pozwalał głośno o tym mówić 
Strach nie pozwalał kochać się i śmiać 
Strach nakazywał opuścić w dół oczy 
Strach nakazywał cały czas się bać 
Mieszkańcy miasta i przyjeżdżający 
Tacy zmęczeni i tacy cierpiący 
Przeklinający swój codzienny los 
Słyszałem także taki głos 
| 
Jeszcze będzie przepięknie | 
Jeszcze będzie normalnie |  
Jeszcze będzie przepięknie aaa... 
Ciemny tłum kłębił się i wyciągał ręce 
Wciąż było mało i ciągle chciał więcej 
I wciąż nie starczało i ciągle było brak
Ciągle bolało, że ciągle jest tak
    
     
 
"
rock,"
    
    Nawet jeden mały Gest...
Jeden dotyk Nieba...
żeby znaleźć w każdym z Nas...
Jeden wspólny wielki Raj,
który da nam skrzydła...
i pozwoli dotknąć gwiazd...
To dla Takich chwil - 
całe życie wędrówką...
Jeden Dar, jedno własne skrzydło,
żeby potem poczuć wiatr...
To dla Takich chwil - 
całe życie w szaleństwie...
Oto mam moje Małe Niebo...
Oto mam moje Małe Piekło...
Oto mam moją Wielką Ziemię...
Oto mam moje Małe Niebo...
Oto mam moje Małe Piekło...
Oto mam moją Własną Ziemię... 
Dlaczego spadam...? 
Jeden świt...
żeby wznieść się ponad mrok... 
Śpij Aniele mój... 
Może sen uchroni Cię przed moim złem... 
Oto mam moje Małe Niebo...
Oto mam moje Małe Piekło...
Oto mam moją Wielką Ziemię... 
Oto mam moje Małe Niebo...
Oto mam moje Małe Piekło...
Oto mam moją Własną Ziemię... 
Dlaczego spadam...?
Jeden Mały Wielki Świat...
Dziwny świat w szaleństwie...
Oszukując rajem...
niespełnionych marzeń... 
Tutaj dzień po dniu...
gaśnie To, co sprawia, że przemija ból...
    
     
 
"
rock,"
    
    Samotna i zła 
Jakbyś z planety była zimnej 
Tak to długo trwa, 
że nikt nigdy nie znał ciebie innej 
Daleka jak sen 
Wciąż nie dostrzegasz spraw i ludzi 
A gdzieś czeka ten, 
który kiedyś wreszcie cię obudzi 
Tak dobrze cię znam... 
Chyba nawet lepiej niż ty siebie 
Jestem taki sam... 
Wciąż widzę setki plam na niebie 
Nieufność to mgła, 
Co przynosi tylko ciszę 
Jak klatka ze szkła 
Nie pozwala nam się słyszeć 
Tacy sami, a ściana między nami... 
Tacy sami 
Tacy sami, a ściana między nami... 
Tacy sami 
I nie mów mi, nie, 
że czasem takie życie się opłaca 
Sama dobrze wiesz, 
że co dzień tracisz coś, co już nie wraca 
Samotność to pies 
Co kąsa tak bez uprzedzenia 
Ja wiem jak to jest... 
Znam to przecież, znam, aż do znudzenia 
Tacy sami, a ściana między nami... 
Tacy sami 
Tacy sami, a ściana między nami... 
Tacy sami 
Tacy sami 
Tacy sami 
Tacy sami 
Tacy sami 
Tacy sami, a ściana między nami... 
Tacy sami 
Tacy sami, a ściana między nami... 
Tacy sami 
Tacy sami, a ściana między nami... 
Tacy sami 
Tacy sami, a ściana między nami... 
Tacy sami
    
     
 
"
rock,"
    
    12 groszy, tylko nie płacz proszę
12 groszy w zębach tu przynoszę 
Partyzanci Broz-Tity wyzwolili Jugosławię
Bez pomocy Sowietów, awantura na zabawie
Ci z sąsiedniej wsi zaczęli, myśmy skończyli
Rambo 8 w telewizji – patrzcie moi mili
Więc mam wyższe wykształcenie, chociaż studiów nie skończyłem
Jak prezydent Kwaśniewski, Jaskiernia stróż prawości
Okazało się, że pastor King nie był Murzynem
Ani czarnym – on był Afroamerykaninem
12 groszy, tylko nie płacz proszę
12 groszy w zębach tu przynoszę
Jeden grosik dla sierot, nie mają ojca, matki
Staruchy i wariatki, pakuj Bolo manatki
Drugi grosik dla chudzinek, nie jedzą kolacji
Zgredzi leżą pijani, ja pakuję w ubikacji
Trzeci grosik dla żołnierzy na straży Macierzy
Pruszków kontra Wołomin, sędzia od obu bierze
Czwarty grosik dla urzędu, przeca żreć coś musi
Tata podbił oko na rocznicę mamusi
Nie prawica, nie liberał, nawet żaden faszysta
Kowboj CZACZA to normalny komunista
Ameryka też się sypie, to osobny rozdział|
Bill Clinton palił trawę, ale się nie zaciągał
Dalej jazda do roboty jebane nieroby!
Toć roboty u nas ni ma, i co ty na to powiesz?
Zabłądziłem po północy na South’cie w Chicago
Miałem serce w przełyku, lecz nic mi się nie stało
12 groszy, tylko nie płacz proszę
12 groszy w zębach tu przynoszę
Piąty grosik dla policji, toć żyjemy bezpieczniej
Wypił litra i stoi – taki to mój podopieczny
Szósty grosik na pomniki tworzących historię
Magdalena gdy popije, robi laskę gdzie byle
Siódmy grosik dla lekarzy, nuż co złego się zdarzy
Kto najlepiej gra na wieśle? Otóż ja gram całkiem nieźle
Ósmy grosik dla księdza, w parafii nędza
W nocnym z alkoholem sprzedaje wredna jędza
Na wycieczce w górach cała klasa katowała wina
Uczeń zły, uczeń dobry; chłopak i dziewczyna
Nauczyciel od wuefu podał pani od polskiego
Film jej się urwał, nie pamięta niczego
Tata 2, Tata Kazika, niedługo przyjdzie pora…
Tata Kazika kontra Hedora
Na kolana chamy, śpiewa Lucjan Pavarotti
Święcicki kopsnął mu parę moich nowych złotych
Na weselach często vomit, ja wam powiem moi mili:
Dobra metoda – wypić rosół przed wszystkimi
Pot śmierdzi spod pach, na sali syf aż strach
Tak bawią się ludzie o złotych zębach
A najlepsza fryzura, jeśli jeszcze nie wiecie:
Krótko z przodu, długo z tyłu i wąsy na przedzie
Scyzoryk, Scyzoryk – tak na mnie wołają
Rogowiecki i Brzozowicz, co się na muzyce znają
12 groszy, tylko nie płacz proszę
12 groszy w zębach tu przynoszę
Dziewiąty grosz stryjowi, nielicho się narobił
Co to za wegetarianin co wpierdala schabowe?
Dziesiąty grosz dla Jadzi, niech se Jadzia wsadzi
Ona ma siłę oraz nie leczoną anginę
Grosz cieciowi, może wpuści do budynku
Szósta noc bezsenna, amfetamina na rynku
Dwunasty grosz dla końców przeznaczam dla ciebie
Kocham cię i tak zostanie, kocham cię moje kochanie
Całe stado nawalone, ale praca wre
Wszyscy jarają szlugi, to jest temat długi
Siostra zbiera aktorów, brat wycina piłkarzy
A ja tylko gołe baby, jeśli gdzieś zauważę
Wpierw „Dezerter”, potem radio, „Muzyczna Jedynka”
Kto się tam pokazuje, tego ja nie szanuję
I festiwal w Sopocie, jaki ochlaj i wyżerka
Ile kasy dać dziadowi o zniszczonych nerkach
Adamu, Adamu, cały czas ma długi
Nowa powieść science-fiction: Jan Paweł 202
„Jak powstają twoje teksty?” – gdy mnie ktoś tak spyta
Zakurwię z laczka i poprawię z kopyta
    
     
 
"
rock,"
    
    nieutulony w piersi żal,
bo za jedną siną dalą - druga dal
nie spoczniemy, nim dojdziemy, 
nim zajdziemy w siódmy las,
więc po drodze, więc po drodze, 
zaśpiewajmy chociaż raz
nienasycony w sercu głód, 
bo za jednym mocnym chłodem – drugi chłód
nie spoczniemy, nim dojdziemy,
nim zajdziemy w siódmy las,
więc po drodze, więc po drodze,
zaśpiewajmy jeszcze raz
niewytańczony wybrzmi bal,
bo za jedną siną dalą - druga dal
nieuleczony uśnie ból,
za pikowym czarnym królem - drugi król
niepocieszony mija czas,
bo za jednym czarnym asem - drugi as
nie spoczniemy, nim dojdziemy,
nim zajdziemy w siódmy las,
więc po drodze, więc po drodze
zaśpiewajmy chociaż raz
niewytańczony wybrzmi bal,
bo za jedną siną dalą - druga dal
nieuleczony uśnie ból,
za pikowym czarnym królem - drugi król
czy warto było kochać nas?
może warto, lecz tą kartą źle grał czas
nie spoczniemy, nim dojdziemy,
nim zajdziemy w siódmy las,
więc po drodze, więc po drodze,
zaśpiewajmy jeszcze raz
    
     
 
"
rock,"
    
    Góry aż do nieba 
I zieleni krzyk
Polna droga pośród kwiatów
I złamany krzyż
Strumień skryty w mroku
I zdziczały sad
Stara cerkiew pod modrzewiem
I pęknięty dzwon
Zarośnięty cmentarz
Na nim dzikie bzy
Ile łez i ile krzywdy
Ile ludzkiej krwi
Księżyc nad Otrytem
Niebo pełne gwiazd
Tańczą szare popielice
San usypia nas
To właśnie są 
To właśnie moje Bieszczady
To właśnie są 
To właśnie moje Bieszczady
Zarośnięte olchą
Pola dawnej wsi
Kto je orał, kto je zasiał
Nie pamięta nikt
Skrzypią martwe świerki
To drewniany płacz
Świat się kończy w Sokolikach
Dalej tylko las
Druty na granicy
Dzielą nacje dwie
Dzieli ściana nienawiści
I przeraża mnie
San jest taki płytki
Gdzie Beniowej brzeg
Dzieli ludzi, dzieli myśli
Straszny jego gniew
To właśnie są 
To właśnie moje Bieszczady
To właśnie są 
To właśnie moje Bieszczady
    
     
 
"
rock,"
    
    Oooooo..
Wiara, siła, męstwo -
To nasze zwycięstwo!   
Kiedy duch i serce jest silniejsze niż ciało
To ból wśród nieszczęść uczynił Cię skałą.
Tylu już przegrało, zabiła ich słabość,
Ty wśród nich wyciągasz dłoń po wygraną.
W każdym moim zwycięstwie 
jest pot i krew poświęceń. 
Chcę ubrudzić ręce, 
by wybudować szczęście,
Ubrudzić ręce, by wybudować szczęście.
Na ziemię powaleni, 
wstajemy, nie giniemy - 
Ta krew już raz przelana, 
nie wyschnie wciąż i płynie!
Oooooo..
Wiara, siła, męstwo -
To nasze zwycięstwo!  
Nie czas wątpić, gdy się wali silniejsza ma być wiara,
A przeciwności z bara rozwalać jak taran.
Trza spalać granice starań i przekraczać słabości ciała
W każdym moim zwycięstwie jest pot i krew poświęceń
Chcę ubrudzić ręce, 
by wybudować szczęście,
Ubrudzić ręce, 
by wybudować szczęście...
Na ziemię powaleni, 
wstajemy, nie giniemy - 
Ta krew już raz przelana, 
nie wyschnie wciąż i płynie!
Oooooo..
Wiara, siła, męstwo -
To nasze zwycięstwo!   
Na ziemię powaleni, 
wstajemy, nie giniemy - 
Ta krew już raz przelana, 
nie wyschnie wciąż i płynie!
Oooooo..
Na ziemię powaleni, 
wstajemy, nie giniemy...
Oooooo..
    
     
 
"
rock,"
    
    Poranne zorze, poranne zorze 
Gdy idę w Sopocie nad morzem 
Po plaży brudno-piaskowej 
Bałtyk śmierdzi ropą naftową 
Poranne chodniki 
Gdy idę, nie rozmawiam z nikim 
Jak jest w niedzielę nad ranem 
Po sobotnich balach chodniki zarzygane 
Polska 
Mieszkam w Polsce 
Mieszkam w Polsce 
Mieszkam tu, tu, tu, tu 
Koncerty popołudniowe 
Pełne bezmózgów w służbie porządkowej 
Patrzą wokoło, bo swędzą ich recę 
Kochają bić coraz więcej i więcej 
Znowu wieczorne przygody 
Gdy wchodzę na kamienne schody 
Zaczepia mnie pijanych meneli wielu 
Jutro spotkają się w kościele 
Polska 
Mieszkam w Polsce 
Mieszkam w Polsce 
Mieszkam tu, tu, tu, tu 
Nocne sklepy z mlekiem 
I patrzę, co się dzieje pod sklepem 
Tłum przystawia komuś do twarzy pięści 
Żądają dla niego kary śmierci 
Znowu poranne pociągi 
Ja stoję i patrzę na mundurowe dziwolągi 
Czy byłeś kiedyś w Kutnie na dworcu w nocy 
Jest tak brudno i brzydko, że pękają oczy 
Polska 
Mieszkam w Polsce 
Mieszkam w Polsce 
Mieszkam tu, tu, tu, tu 
Nocne sklepy z mlekiem 
I patrzę, co się dzieje pod sklepem 
Tłum przystawia komuś do twarzy pięści 
Żądają dla niego kary śmierci 
Znowu poranne pociągi 
Ja stoję i patrzę na mundurowe dziwolągi 
Czy byłeś kiedyś u nas na dworcu w nocy 
Jest tak brudno i brzydko, że pękają oczy, oczy, oczy 
Polska 
Mieszkam w Polsce 
Mieszkam w Polsce 
Mieszkam tu, tu, tu, tu 
Tu, tu, tu, tu, tu, tu, tu, tu ...
    
     
 
"
rock,"
    
    Baśka miała fajny biust,
Ania – styl, a Zośka – coś, co lubię.
Ela całowała cudnie,
nawet tuż po swoim ślubie.
Z Kaśką można było konie kraść,
chociaż wiem,
że chciała przeżyć ze mną swój pierwszy raz.
Magda – zło, Jolka mnie
zagłaskałaby na śmierć,
a Agnieszka zdradzała mnie.
Piękne jak okręt
pod pełnymi żaglami,
jak konie w galopie,
jak niebo nad nami.
Karolina – w Hollywood,
z Aśką nigdy nie było tak samo.
Ewelina zimna jak lód,
więc na noc umówiłem się z Alą.
Wszystko mógłbym Izie dać,
tak jak Oli, 
ale one wcale nie chciały brać.
Małgorzata – jeden grzech,
aż onieśmielała mnie,
a Monika była okej.
Piękne jak okręt
pod pełnymi żaglami,
jak konie w galopie,
jak niebo nad nami. 
    
     
 
"
rock,"
    
    Ja czekam trzeci dzień, patrzę na drzwi 
Czy przyjdzie ktoś od Ciebie, czy przyjdziesz Ty 
Czy wiesz, że Twoje oczy spalają mnie jak ogień 
Gdy patrzę w Twoje oczy zaczyna się dzień 
Tak bardzo, bardzo kocham Cię 
Tak bardzo potrzebuję Cię 
Tak bardzo, bardzo kocham Cię 
Tak bardzo potrzebuję Cię 
Tak bardzo, bardzo, bardzo kocham Cię 
Tak bardzo potrzebuję Cię 
Tak bardzo, bardzo kocham Cię 
Tak bardzo potrzebuję... 
Ja czekam czwarty dzień, patrzę na drzwi 
Czy przyjdzie ktoś od Ciebie, czy przyjdziesz Ty 
Czy wiesz, że gdy odjeżdżam, umieram dziewięć razy 
Umieram patrząc w okno na korytarzu 
Tak bardzo, bardzo kocham Cię 
Tak bardzo potrzebuję Cię 
Tak bardzo, bardzo kocham Cię 
Tak bardzo potrzebuję 
Ja czekam trzeci dzień, patrzę na drzwi 
Czy przyjdzie ktoś od Ciebie, czy przyjdziesz Ty 
Czy wiesz, że Twoje oczy spalają mnie jak ogień 
Gdy patrzę w Twoje oczy zaczyna się dzień 
Ja czekam czwarty dzień, patrzę na drzwi 
Czy przyjdzie ktoś od Ciebie, czy przyjdziesz Ty 
Czy wiesz, że gdy odjeżdżam, umieram dziewięć razy 
Umieram stojąc w oknie na korytarzu 
Tak bardzo, bardzo kocham Cię 
Tak bardzo potrzebuję Cię 
Tak bardzo, bardzo kocham Cię 
Tak bardzo potrzebuję... 
To przecież wiesz!
    
     
 
"
rock,"
    
    Kiedy jestem sam                                
Przyjaciele są daleko, daleko, 
Ode mnie, ode mnie       
Gdy mam wreszcie czas dla siebie                
Wtedy sobie wspominam
Dawne, dobre czasy,
Czuję się jakoś dziwnie, 
Dzisiaj noc jest czarniejsza
Oprócz błękitnego nieba   
Nic mi dzisiaj nie potrzeba
Oprócz błękitnego nieba   
Nic mi dzisiaj nie potrzeba
Gdzie są wszystkie dziewczęta,
Które kiedyś tak bardzo, tak bardzo, 
Kochałem, kochałem
Kto z przyjaciół pamięta 
Ile razy dla nich przegrałem
W gardle zaschło mi
I butelka zupełnie, zupełnie, 
Już pusta, już pusta
Nikt do drzwi już dzisiaj nie zastuka
Oprócz błękitnego nieba   
Nic mi dzisiaj nie potrzeba
Oprócz błękitnego nieba   
Nic mi dzisiaj...
Oprócz błękitnego nieba   
Nic mi dzisiaj nie potrzeba
Oprócz błękitnego nieba   
Nic mi dzisiaj nie potrzeba
Oprócz drogi szerokiej, 
Oprócz góry wysokiej
Oprócz kawałka chleba, 
Oprócz błękitu nieba
Oprócz błękitnego nieba
Nic mi dzisiaj nie potrzeba
    
     
 
"
rock,"
    
    Ofiaruję mojej dziewczynie 
Z kwiatów Holandii utkany 
Szlafrok, w którym utonie 
Całkiem niezły posiłek, jaki 
Konsumuje lubieżnie co wieczór 
W ciepłych dekoracjach pokoju 
Przy świecach i przy koniaku 
A nad sobą mam jej loki 
Tak, tylko ona, jak jedwab 
Ofiaruję mojej dziewczynie 
Wszystkie kwiaty Holandii 
Jeśli będzie trzeba ukradnę 
W nocy przy księżycowej pełni 
A potem wycisnę z nich soki 
Przyprawię kalifornijskim winem 
I zanurzę się z moją dziewczyną 
Po kolana, po pas, po szyję 
Lubię jej farbowane rzęsy 
Piegi i policzki blade 
Lubię kiedy miękko ląduje 
Ona zmysłowo na mojej twarzy 
Tak, tylko ona, jak jedwab 
Ofiaruję mojej dziewczynie 
Holandii morskie owoce 
Wraz z nimi podejrzane przygody 
Bez pieniędzy dzikie podróże 
Skrawek wszystkich tajemnych wycieczek 
Sam w słowa ubieram doskonałe
Resztę stanowi moja dziewczyna 
Tylko ona jest jak jedwab 
Lubię jej farbowane rzęsy 
Piegi i policzki blade 
Lubię kiedy miękko ląduje 
Ona zmysłowo na mojej twarzy 
Lubię jej farbowane rzęsy 
Piegi i policzki blade 
Lubię kiedy miękko ląduje 
Ona zmysłowo na mojej twarzy 
Tak, tylko ona, jak jedwab 
Ofiaruję mojej dziewczynie 
Rodzynki, krewetki, mandarynki 
Palcami obejmę jej skronie, 
gdy na stole płonie węgierski puchar 
Duży w polewie czekoladowej, 
w nim orzechy mrożone 
Jesienna niepogoda, 
a my na przekór tej sytuacji 
Idziemy bezwiednie, zbieramy jagody, 
one narzeczone bitej śmietany 
Jak gdyby nigdy nic, 
ponieważ kiedy spotkają się nasze dłonie 
Ja się nie boję, ty się nie boisz, ono się nie boi 
Popołudnie próbuje nas gonić, 
biegniemy szybciej szczęśliwi w pogoni 
Moja dziewczyna, tak tylko 
ona jak jedwab jest nieskażona 
Lubię jej farbowane rzęsy 
Piegi i policzki blade 
Lubię kiedy miękko ląduje 
Ona zmysłowo na mojej twarzy 
Lubię jej farbowane rzęsy 
Piegi i policzki blade 
Lubię kiedy miękko ląduje 
Ona zmysłowo na mojej twarzy 
Lubię jej farbowane rzęsy 
Piegi i policzki blade 
Lubię kiedy miękko ląduje 
Ona zmysłowo na mojej twarzy 
Tak, tylko ona, jak jedwab
Tak, tylko ona, jak jedwab
Tak, tylko ona, jak jedwab
Tak, tylko ona, jak jedwab
    
     
 
"
rock,"
    
    Ktoś łapie mnie i zaciska palce.
Na gardle tak, że aż tracę dech.
Zabijam go, po morderczej walce.
Budzę się i...
Gdzie, już jestem wiem.
Refren.
Fabryka małp.
Fabryka psów.
Rezerwat dzikich stworzeń.
Zajadłych tak.
Że nawet Bóg.
I Bóg im nie pomoże.
Miliony kłów.
Łap, w pazury zbrojnych.
Gotowych do, walk o byle co.
Dokoła wre, stan totalnej wojny.
Zabijać się, to jedyny sport.
Refren.
Gdzie spojrzę, dookoła dżungla./2
Dżungla./2
Otwieram drzwi, i..
Znów dzień jak co dzień.
Donośny huk, 100 i więcej dział.
Coś dzieje się, wciąż na bliskim wschodzie.
Za progiem znów, mój normalny świat.
Refren./2
    
     
 
"
rock,"
    
    Zamienię każdy oddech w niespokojny wiatr 
By zabrał mnie z powrotem - tam, gdzie masz swój świat 
Poskładam wszystkie szepty w jeden ciepły krzyk 
Żeby znalazł Cię aż tam, gdzie pochowałaś sny 
Już teraz wiem, że dni są tylko po to
By do Ciebie wracać każdą nocą złotą 
Nie znam słów, co mają jakiś większy sens 
Jeśli tylko jedno - jedno tylko wiem: 
Być tam, zawsze tam, gdzie Ty 
Nie pytaj mnie o jutro - to za tysiąc lat 
Płyniemy białą łódką w niezbadany czas 
Poskładam nasze szepty w jeden ciepły krzyk 
By już nie uciekły nam, by wysuszyły łzy 
Już teraz wiem, że dni są tylko po to
By do Ciebie wracać każdą nocą złotą 
Nie znam słów, co mają jakiś większy sens 
Jeśli tylko jedno - jedno tylko wiem: 
Być tam, zawsze tam, gdzie Ty 
Już teraz wiem, że dni są tylko po to
By do Ciebie wracać każdą nocą złotą 
Nie znam słów, co mają jakiś większy sens 
Jeśli tylko jedno - jedno tylko wiem: 
Być tam, zawsze tam, gdzie Ty 
Budzić się i chodzić spać we własnym niebie 
Być tam, zawsze tam, gdzie Ty 
Żegnać się co świt i wracać znów do Ciebie 
Być tam, zawsze tam, gdzie Ty 
Budzić się i chodzić spać we własnym niebie 
Być tam, zawsze tam, gdzie Ty
Zawsze tam gdzie Ty
    
     
 
"
rock,"
    
    
Ona jest ze snu, a ubrana w codzienność.
Dla mnie zrzuca ją, kiedy robi się ciemno.
Ona jest ze snu, a ubrana w codzienność.
Dla mnie zrzuca ją, kiedy robi się ciemno.
By nasze życie miało wreszcie jakiś smak.
Wracam chętnie do chwili i pamiętam pierwszy raz.
Pierwsze spotkanie jak podróż w nieznane.
Siedzieliśmy wpatrzeni tak jak dzieci, które jeszcze nic nie wiedzą.
Ona jest ze snu, a ubrana w codzienność.
Dla mnie zrzuca ją, kiedy robi się ciemno.
Ona jest ze snu, a ubrana w codzienność.
Dla mnie zrzuca ją, kiedy robi się ciemno. 
By w środku nocy tańczyć razem w świetle gwiazd.
Zamykam oczy, tańczy cisza wokół nas.
Bo całkiem inna jest jej niewinność.
Każdy jej taniec jest wyłącznie dla mnie zawsze już zostanie.
Ona jest ze snu, a ubrana w codzienność.
Dla mnie zrzuca ją, kiedy robi się ciemno.
Ona jest ze snu, a ubrana w codzienność.
Dla mnie zrzuca ją, kiedy robi się ciemno.
Ona jest ze snu, a ubrana w codzienność.
Dla mnie zrzuca ją, kiedy robi się ciemno.
    
     
 
"
rock,"
    
    Znikałaś gdzieś w domu nad Wisłą,
Pamiętam to tak dokładnie, 
Twoich czarnych oczu bliskość,
Wciąż kocham Cię jak Irlandię. 
A Ty się temu nie dziwisz, 
Wiesz dobrze, co byłoby dalej, 
Jak byśmy byli szczęśliwi, 
Gdybym nie kochał Cię wcale. 
Przed szczęściem żywić obawę 
Z nadzieją, że mi ją skradniesz, 
Wlokę ten ból przez Włocławek, 
Kochając Cię jak Irlandię. 
A Ty się temu nie dziwisz, 
Wiesz dobrze, co byłoby dalej, 
Jak byśmy byli szczęśliwi, 
Gdybym nie kochał Cię wcale. 
Gdzieś na ulicy Fabrycznej 
Spotkać nam się wypadnie, 
Lecz takie są widać wytyczne, 
By kochać Cię jak Irlandię. 
A Ty się temu nie dziwisz, 
Wiesz dobrze, co byłoby dalej, 
Jak byśmy byli szczęśliwi, 
Gdybym nie kochał Cię wcale. 
Czy mi to kiedyś wybaczysz?
Działałem tak nieporadnie. 
Czy to dla Ciebie coś znaczy 
Że kocham Cię jak Irlandię? 
A Ty się temu nie dziwisz, 
Wiesz dobrze, co byłoby dalej, 
Jak byśmy byli szczęśliwi, 
Gdybym nie kochał Cię wcale, Cię wcale.
    
     
 
"
rock,"
    
    Daj mi zgodę na ten dzień, który właśnie kona 
Dorzuć do ogniska drew, utul mnie w ramionach 
A planeta kręci się, wozi nas łaskawie 
Prowadź mnie w niebieski cień, po niebieskiej trawie 
Malinowy król malowanych róż 
Zawsze nas od złego obroni 
Jakbym mogła Ci narysować sny 
A w nich dom, drogę, drzwi 
Na niebie błysnął biały nóż 
To księżyc pełni straż 
Czy nie znałam Cię w innym życiu już 
Kiedyś hen, dawno tak 
Pieniądze nie kupią mnie 
Lecz oczu twych blask 
Wystarczy mi biały chleb 
Dopłyńmy do dna 
Gdybym miała zgubić dzień, gdyby tak wypadło 
Nagle ptak by w locie zgasł, serce by umarło 
Malinowy król malowanych róż 
Sprawia, że nocą kwitnie kamień
Co się stanie tam, co się stanie nam
Gdyby tak brakło go
Na niebie błysnął biały nóż 
To księżyc pełni straż 
Czy nie znałam Cię w innym życiu już 
Kiedyś hen, dawno tak 
Pieniądze nie kupią mnie 
Lecz oczu twych blask 
Wystarczy mi biały chleb 
Dopłyńmy do dna 
Malinowy król malowanych róż 
Zawsze nas od złego obroni 
Jakbym mogła Ci narysować sny 
A w nich dom, drogę, drzwi 
Na niebie błysnął biały nóż 
To księżyc pełni straż 
Czy nie znałam Cię w innym życiu już 
Kiedyś hen, dawno tak
    
     
 
"
rock,"
    
    Kwiaty we włosach potargał wiatr, 
Po co więc wracasz do tamtych lat? 
Zgubionych dni nie znajdziesz już, 
Choć przejdziesz świat i wszerz i wzdłuż. 
Kwiaty we włosach potargał wiatr, 
Dawno zmieniłaś swych marzeń kształt. 
I dzisiaj Ty, i dzisiaj ja - 
To drogi dwie i szczęścia dwa ... 
Więc choć z daleka wołasz mnie - 
Nie powiem: Tak, nie powiem: Nie... 
Bez wspomnień czasem łatwiej żyć; 
Nie wraca nic. 
Kwiaty we włosach potargał wiatr, 
Wyrzuć z pamięci ostatni ślad, 
Bo dzisiaj Ty, bo dzisiaj ja - 
To drogi dwie i szczęścia dwa ... 
Więc choć z daleka wołasz mnie - 
Nie powiem: Tak, nie powiem: Nie ... 
Bez wspomnień czasem łatwiej żyć; 
Nie wraca nic. 
Kwiaty we włosach potargał wiatr, 
Wyrzuć z pamięci ostatni ślad, 
Bo dzisiaj Ty, bo dzisiaj ja - 
To drogi dwie i szczęścia dwa ... 
I szczęścia dwa ...
    
     
 
"
rock,"
    
    Sia la la la la la-a-a-aa 
Morza szum, ptaków śpiew 
Złota plaża pośród drzew 
Wszystko to, w letnie dni 
Przypomina Ciebie mi, przypomina Ciebie mi 
Sia la la la la la-a-a-aa
Szłaś przez skwer, z tyłu pies 
Głos Wybrzeża w pysku niósł 
Wtedy to pierwszy raz 
Uśmiechnęłaś do mnie się, uśmiechnęłaś do mnie się 
Sia la la la la la-a-a-aa
Odtąd już, dzień po dniu 
Upływały razem nam 
Rano skwer, plaża lub 
Molo gdy zapadał zmierzch, molo gdy zapadał zmierzch 
Sia la la la la la-a-a-aa
Płynął czas, letni czas 
Aż wakacji nadszedł kres 
Przyszedł dzień, w którym już 
Rozstać musieliśmy się, rozstać musieliśmy się
Sia la la la la la-a-a-aa
Morza szum, ptaków śpiew, złota plaża pośród drzew...
    
     
 
"
rock,"
    
    Pierwszy podmuch wiosny budzi lęk. 
Porcja ciepłych złudzeń przenika do serc. 
Ptaki oszalałe fruną z drzew. 
Mocniej czuję każdy mały smak 
i żal, każdy strach 
i gniew. 
Ile jeszcze we mnie wiary, 
Ile jeszcze we mnie samym sił, 
Na nowe dni, ile szans. 
Ile jeszcze we mnie wiary, 
Ile jeszcze we mnie samym sił, 
By dalej żyć w taki czas. 
Obezwładniająca siła dnia, 
Siła, z jaką w miastach, odradza się maj. 
Chciałoby się zacząć jeszcze raz, 
Chciałoby odnaleźć zmarnowany czas, 
Utracony blask. 
Ile jeszcze we mnie wiary, 
ile jeszcze we mnie samym sił 
na nowe dni, ile szans. 
Ile jeszcze we mnie wiary, 
ile jeszcze we mnie samym sił, 
by dalej żyć w taki czas.
    
     
 
"
rock,"
    
    Jak to dobrze, że skończył się już 
Ten podły dzień, co mi Cię zabrał 
Ciężko było tak po prostu przyjść 
I usłyszeć, że dla Ciebie umarłem 
A teraz zamknij oczy swe 
Dotknij tak jak tylko mnie 
Nie bój się, to tylko sen 
W sen nie trzeba wierzyć 
Zobacz - teraz jestem tu 
Cały z Tobą, cały Twój 
Dobrze, pójdę już, lecz gdzie - nie wiem 
Choć noc, choć mrok - dla nas wszystko już jasne 
Więc jak mam spać, kiedy wiem, że nie zaśniesz 
Wiem, że trudno jest uwierzyć 
Jak łatwo się stać tylko wspomnieniem 
Ty nie przyszłaś też, zbyt ciężko jest 
Usłyszeć, że dla mnie Cię nie ma 
A teraz zamknij oczy swe 
Dotknij tak jak tylko mnie 
Nie bój się, to tylko sen 
W sen nie trzeba wierzyć 
Zobacz - teraz jestem tu 
Cały z Tobą, cały Twój 
Dobrze, pójdę już, lecz gdzie - nie wiem 
Choć noc, choć mrok - dla nas wszystko już jasne 
Więc jak mam spać, kiedy wiem, że nie zaśniesz
    
     
 
"
rock,"
    
    Kochać to nie znaczy zawsze to samo 
Można kochać tak lekko, można kochać bez granic 
Kochać , żeby zawsze i wszędzie być razem
Wierzyć, że jest dobrze, gdy jesteśmy sami.
Kochać to nie znaczy zawsze to samo 
Kiedy jesteś daleko, kochasz przecież inaczej 
A kiedy pragniesz tak mocno, żebyś nie żałował 
Kiedy jesteś daleko, możesz wszystko stracić. 
 
A kiedy przyjdzie na Ciebie czas 
A przyjdzie czas na Ciebie,
Porwie Cię wtedy wysoko tak 
Do góry Cię uniesie, 
A kiedy przyjdzie na Ciebie czas 
A przyjdzie czas na Ciebie, 
Porwie Cię wtedy do góry tak
Wysoko Cię uniesie 
Lecz nagle możesz zacząć spadać w dół 
To już nie to samo... 
Kochać to nie znaczy zawsze to samo 
Trzeba stale uważać, żeby kogoś nie zranić 
Nie tak łatwo jest kochać, nie tak łatwo być razem 
Kiedy wszystko najlepsze,dawno już za nami. 
A kiedy przyjdzie na Ciebie czas 
A przyjdzie czas na Ciebie, 
Porwie Cię wtedy do góry tak 
Wysoko Cię uniesie,
A kiedy przyjdzie na Ciebie czas 
A przyjdzie czas na Ciebie, 
Porwie Cię wtedy do góry tak
Wysoko Cię uniesie 
Lecz nagle możesz zacząć spadać w dół 
To już nie to samo...
    
     
 
"
rock,"
    
    Telefony, telefony
Gdzie dzwonić mam
Jaki numer mam wykręcić
Do kogo z was
Telefony telefony
Tele-tele-telefony
Telefony telefony
Do kogo z was
Telefony w mojej głowie
Bez przerwy trrrrrrrrrrrrrrr
Nikt nie dzwoni nikt nie dzwoni
To tylko ja tylko ja
Telefony w mojej głowie
(Na na na na na na na na na)
Telefony w mojej głowie
(Na na na na na na na na na)
Telefony w mojej głowie
(Na na na na na na na na na)
To tylko ja
Tam gdzie dzwonię nie poznają
Mego głosu-głosu-głosu-głosu-głosu
Złe numery złe numery
Złe adresy-dresy-dresy-dresy-dresy
Ten telefon w mojej głowie tylko
Brzęczy-brzęczy-brzęczy-brzęczy-brzę-czy
Aaaaaaaaaaaa
Brzęczy-brzęczy-brzęczy-brzęczy-brzę-czy
Aaaaaaaaaaaa
Kto wydzwoni, kto wykręci
W końcu numer mój
Kto zadzwoni, kto zadzwoni
Tutaj do mnie
Telefony w mojej głowie wciąż
Telefony w mojej głowie wciąż
Telefony w mojej głowie wciąż
Telefony...
To tylko jaaaaaaaaa...
Telefony w mojej głowie
Bez przerwy trrrrrrrrrrrrrrr
Nikt nie dzwoni, nikt nie dzwoni
To tylko ja tylko ja
Telefony w mojej głowie
Telefony w mojej głowie
Telefony w mojej głowie
To tylko ja!
Na na na na na na na 
Nanananananananana
Na na na na na na na 
Na na na na nanananana
Na na na na na na na 
Nanananananananana
Na na na na na na na...
Nanananananananana..
Na na na na na na na 
Nanananananananana
Na na na na na na na 
Nanananananananana
Na na na na na na na 
Nanananananananana
Na na na na na na naaaaaaaaaaaa...
...
    
     
 
"
rock,"
    
    Dzień za dniem pada deszcz 
Słońce śpi, nie ma cię 
Jest mi bardzo, bardzo źle 
Zimny kraj, zimny maj 
Koty śpią, miasto śpi 
Czarodziejskie śnią się sny 
Refren: 
W moim śnie, cudownym śnie 
Tylko kocham, kocham, kocham 
Bawię się, la-laj, la-laj 
W moim śnie, cudnym śnie 
Przez zieloność wolno płyniesz 
I do brzegu zbliżasz się 
Cudny kraj, cudny maj 
Słońce mruży twoje oczy 
Gdy całujesz, pieścisz mnie 
(Refren)
    
     
 
"
metal,"
    
    Abyssus.. Abyssum.. Invocat..
Abyssus.. Abyssum.. Invocat..
Pokłon MARSylianie!
Kapelusze w dół!
W Niebieskim Rydwanie wjeżdża Anioł z true..
.. metalowym graniem!
Stal zapiera dech!
Będzie ciął i płatał zgodnie z treścią klechd..
Ziemia.. Halo Ziemia!
Przepowiada tutaj śmierć, a może ściemnia zapowiednia..
Zapowiednia!
Dla niektórych – wybawieniem..
Innym – czas nie uprzyjemnia..
.. bo Sybilla.. Possibilla..
.. nie okłamie – Nie to NIE
To nie Idylla!
Przepowiednia.. Przepowiednia!
Świetlana – dla niektórych..
.. za to innym – Ściemna!
Abyssus.. Abyssum.. Invocat..
Pokłon MARSylIANIE!
Kapelusze w dół!
W BIESKIM Karawanie wjeżdża Anioł z true…
.. Metalowym Draniem!
Stal zabiera wdech!
Będzie ciął i płatał gości ŚmierciŚmiech..
Bez litości!
Bez sumienia!
Bez wahania!
Bez żalu!
Bez (z)rozumienia!
Bez szacunku!
Bez wytchnienia!
Bez lęku!
Bez uwielbienia!
A Sybilla.. Possibilla!
Nie okłamie – Nie to NIE!
TONIE Idylla..
Przepowiednia.. Przepowiednia!
Świetlana – dla niektórych..
.. za to innym – śCIEMNA!
Apokalipso ma..
.. trwaj..
To Kali psota
Apokalipso ma..
.. trwaj!
To Kali PSOTNA..
.. otwiera Dantego Krąg!
Niecna..
Kali niecna!
Boska Kali jest doprawdy straszNieGrzeszna!
Pogrzebowo.. pogrzebowo.. pieje KUR.. wam daję słowo..
.. nie będzie tu kolorowo..
.. bo Sybilla–Possibilla..
.. nie okłamie, nie..
Tonie.. TONIE IDYLLA!
Przepowiednia.. PRZEPOWIEDNIA!
ŚWIETLANA – dla niektórych..
.. za to innym – ŚCIEMNA!
ATUT Marsylianie!
66 6 kier..
Na Katowskim Vanie – nowy RobesPIERre..
.. DOgoLONY zgrabnie jak KOSa srebrnoczerwONA..
.. wnet opadNieŁadNieZiemskiPech..
TEGO właśnie chcecie – nowej mocy kran!
ZARAZ go połkniecie, to obiecać wam..
MOGĘ zrobić wszystko!
Patrz jak celnie GRAm!
Trzeba DOOMnie przyznać..
.. niepokornie TRWAm..
kAr .. ma..  ge.. Doom..
.. eternal..
    
     
 
"
metal,"
    
    Ściśnięte mordercze pięści,
Brat przeciw bratu chce iść.
Matka zarzyna swe dzieci,
Szaleństwo chaos i łzy.
Nie, nie ma już nadziei,
Koniec gry.
Rozdane trefle i kiery,
Sądne dni.
Ostatnie zgrzytanie zębów,
Ostatni grzeszników płacz,
Ostatnie modły kapłanów,
Na wszystko przyszedł już czas!
Otwarta kamienna brama,
Za progiem tysiące dusz.
Każda osobno spalana,
Dla każdej oddzielny stróż!
Nie, nie ma już nadziei,
Koniec gry.
Rozdane trefle i kiery,
Sądne dni.
    
     
 
"
metal,"
    
    Jeden szept - w jeden krzyk
Jeden zmierzch - w jeden świt
Jedna twarz - siostra brat
Tak chcemy, żeby Czarny Anioł zbawił dla nas świat
Zebrał Armię Wszechpotężną Nasz Niebiański Brat
Nawet jeśli zmieni przy tym w piekło cały kraj
Graj Muzyko, Graj!
Obróci niewiernych wiarołomców znowu w proch
Nie pomogą groźby, nie pomoże matek szloch
Chcemy, żeby Czarny Anioł zabrał nas na bój!
Truj aniele, truj!
Santa Maria - woła mnie!
Pod Twoją obronę
Santa Maria - oddam się!
Właśnie tego pragnę!
Santa Maria - kocham!
Gdy tak stoję w swojej Ciemnej Dolinie
Lecz zła się nie ulęknę, bo dobro we mnie...
Kłamie król, klaun i kat
Cały dwór za pan brat
Oto stos...
Czarci swąd!
Oto kłamców rząd!
Kiedyś jeden człowiek zmienił w piekło cały świat
Rasa jedna, kolor jeden, w cyklon zmienił wiatr
Zabijaj-waj-waj 
Graj Muzyko, Raj!
Mówił - bóg jest z nami - kazał spalić cały świat
Zamordował kogo zdołał Mało Dobry Kat
Wagner, Goethe, Nietzche mieli upięknić mu bój
Truj Aniele, truj...
Santa Maria - chroni mnie
Pod Twoją obronę
Santa Maria - oddam się
Właśnie tego pragnę!
Santa Maria - pragnę..
Gdy tak patrzę w swojej Ciemnej Dolinie
To Zła się nie ulęknę, bo
Dobro we mnie Gnije
SSanta Maria - czeka mnie
Pod Twoją obronę
SSanta Maria - oddam się
Właśnie tego pragnę!
SSanta Maria - pragnę..
Gdy tak stoję w swojej Ciemnej Dolinie
To Zła się nie ulęknę, bo
Dobro we mnie gnije..
Oto akt.. - Als ein Man..
W którym.. - Unser Welt..
Lada moment.. - In Hölle wendet..
Hetmana.. - Eine Rasse..
Zbije.. - Eine Farbe..
Pionek.. - Und der Wind in Zyklon ändert
Das ist ein.. - Oto akt...
Akt in dem.. - W którym...
In Kürze.. - Za chwil kilka...
Ein Schäfchen.. - Owca...
Den Wolf.. - Pożre...
Frisst.. - Wilka...
Dann befahl.. - Oto akt..
Herr Got mit uns.. - W którym..
Die ganze.. - Lada moment..
Welt verbrennen.. - Hetmana..
Der kleine.. - Zbije..
Große.. - Pionek
Henker ermordet Alle ohne Tränen
Das ist ein.. - Oto akt..
Akt in dem.. - W którym..
In Kürze.. - Za chwil kilka..
Ein Schäfchen.. - Owca..
Den Wolf.. - Pożre..
Frisst.. - Wilka!!!
Czasem jedno Słowo zmienia w Piekło cały Świat
Wtedy jedno Życie wiąże Inne z mocą krat!
Czasem Pocałunek w Piekle stworzy niezły Raj
Graj Muzyko, graj!
Czasem jeden dotyk Nieba w bestię zmieni Cię
Wtedy nowy koszmar już nie skończy się we śnie
Wtedy czarno-biały Anioł wezwie nas na bój!!!
Truj aniele Truj!!!
Radio Maryja wołam cię
po Twojej obronie
Radio Maryja słyszę cię
a zwątpienie płonie!
Radio Maryja gnije!!!
Gdy tak leżę w swojej Ciemnej Dolinie
Oddałem całe życie
emeryturę skrycie...
Radio Maryja...
Radio Maryja...
nie kłamię!!!
Radio Maryja Gniję
gdy tak leżę W swojej ciemnej mogile
tak bardzo ci ufałem..
a teraz w ziemi wyję ...
    
     
 
"
metal,"
    
    Na dno czary z onyksu
Wlali bunt i gniew. 
W echu magicznych zaklęć
Spłonął ból.
Nagle cicho, bez powiewu, 
Rozchyliły się ziemskie bramy:
Bramy Żądz, Bramy Żądz.
Bramy Żądz, Bramy Żądz.
W szkliste oko Jahwe
Wbiłaś chłód i kwiat, ludzkich trumien kwiat.
Chcesz zapłaty swej i szydzić z jego dusz.
Władztwo twoje nie zna granic,
Idziesz naga wśród milczenia.
(jeden) Jeden Czarny Ptak.  
Z ruin świętych miejsc powstał grób
Na nim krzyż i płacz.
W szkliste oko Jahwe
Wbiłaś chłód.
Z twego serca grzechy płyną
otwierając ziemskie bramy: 
Bramy Żądz, Bramy Żądz.
Bramy Żądz, Bramy Żądz.
(jeden) Jeden Czarny Ptak.  
- Czarownica, 
Tak cię zwą.
Zachowałaś piętno
- Skarb lepszy niż niebiański pęk
Najcnotliwszych kłamstw.
    
     
 
"
metal,"
    
    Bugi to żartowniś, niepodzielnie trzęsie całym lasem
Nie ma tu takiego rysia, by potrząsnął tym.. dryblasem
Urwie ząb i wetknie ślimakowi dla swojej radości
Łamiąc go doszczętnie chociaż biedak nie posiada kości
Zawsze pierwszy - nigdy drugi
Król Kawału Figlarz..
.. Bugi to dowcipniś, chociaż niektórzy twierdzą inaczej
Wszyscy jednak zgodnie drżą w obliczu natury łajdaczej
Będzie prał, aż nauczy humoru w BoroSpołeczności
ostro grał bo ponuraków nienawidzi od małości
Zawsze pierwszy - nigdy drugi
Król Kawału Figlarz Bugi
Zawsze pierwszy - nigdy drugi
Sfrustrowany Figlarz Bugi..
Zawsze pierwszy - nigdy drugi
Król Kawału Figlarz..
.. Bugi to żartowniś nienażarty trzęsie Czarnolasem
Wszyscy tutaj zgodnie drżą, gdy straszy wielkim swym... kulasem
Będzie prał aż nauczy humoru w BoroSpołeczności
ostro grał bo ponuraków nienawidzi od małości
Zawsze pierwszy - nigdy drugi
Król Kawału Figlarz Bugi
Zawsze pierwszy - nigdy drugi
Sfrustrowany Figlarz Bugi
    
     
 
"
metal,"
    
    Zrozum, wreszcie zrozum
Tyle już za nami
A my niby ci sami
Lecz nasz uśmiech rozwiał się jak dym
Zrozum, no wreszcie zrozum
Że nie tak być miało
Tyle z tego zostało
Że po prostu z bólu chce się wyć
Życie na pozór, nasz chleb powszedni
Dziś tak nam potrzebny
Lecz żal tamtych dat, lecz żal tamtych lat
Bo jak dalej z tym mam żyć
I zrozumieć, że my to wciąż my
Zrozum, no wreszcie zrozum
Że nie tak być miało
Tyle z tego zostało
Że po prostu z bólu chce się wyć
Życie na pozór, nasz chleb powszedni
Dziś tak nam potrzebny
Lecz żal tamtych dat, lecz żal tamtych lat
Bo jak dalej z tym mam żyć
I jak wierzyć, że my to wciąż my
    
     
 
"
metal,"
    
    Jesteś królem świata...
W twoim małym śnie
Tu nieodwracalne...
W żywe zmienia się
Zło zwyciężasz dobrem...
Nie wiesz co to lęk...
Nieprawdopodobne...
W pewność zmienia się...
Zmienia cię...
W twoim świecie cudów
Jest ogromny mur
Mieszka za nim Pokrak
Zna miliony bzdur
Jeśli w to uwierzysz
Wszystko zmieni się
Niewyobrażalnie 
Zmieni się
Kiedy zapadnie zmierzch
Cienie otoczą cię ze wszystkich stron
Wtedy nadejdzie strach
Ja nie odstąpię cię nawet na krok
Kiedy zapłonie dzień
Ciemność prawdziwa roztoczy swój blask
Wtedy nadejdzie czas
Kostian z Trumianem rozpoczną swój marsz
Będę tu gdy zaśniesz 
Chronił twoje sny
Wąż wypełza zawsze, 
Czeka już u drzwi
Jeśli go wpuścimy 
Wpełznie do twych ust
I nieodwracalnie kli...knie...
Kiedy zapadnie zmierzch 
A cienie otoczą cię ze wszystkich stron
Wtedy nadejdzie strach 
Będę przed tobą zaszywał twój sen
Kiedy zapłonie dzień
Twoje demony zamienią się w kształt
Wtedy nadejdzie czas
Który prawdziwy pokaże ci świat
Świat
Każdy sen kończy się...
Pamiętaj!
Każdy dzień zmieni cię... 
Rozerwie!
Każdy sen chroni cię... 
Pamiętaj!
Każdy sen...
Kiedy zapadnie zmierzch
Cienie otoczą cię ze wszystkich stron
Wtedy nadejdzie strach
On nie odstąpi cię nawet na krok
Kiedy zabraknie mnie
Zawsze pamiętaj, że życie to dar
Nigdy nie poddaj się
Kiedy prawdziwy przywita cię świat
Świat 
    
     
 
"
metal,"
    
    (KTOKOLWIEK BIERZE MIECZ - ZGINIE OD MIECZY 
A KTOKOLWIEK NIE BIERZE MIECZA ALBO Z RĄK GO WYPUSZCZA 
ZGINIE NA KRZYŻU - SlMONE WEIL) 
Zło zwyciężyć możesz złem 
Ząb za ząb, a krew za krew 
Spróbuj jednak wziąć się w garść 
Nie uderzaj nadstaw twarz 
Wybacz wszystkim wrogom 
Podaj dłoń 
Zaduś swą agresję zaduś całe zło 
Zaduś zło 
Zaduś zło 
Za kamienie oddaj chleb 
Kiedy trzeba nadstaw łeb 
Bądź dla siebie katem znów 
Prawdę w oczy zawsze mów 
Zło zwyciężyć możesz złem 
Lecz pamiętaj nie daj się 
Szatan kusić będzie wciąż 
Trzymaj krzyż i zwyciężysz go! 
Wybacz wszystkim wrogom 
Podaj dłoń 
Zaduś swą agresję zaduś całe zło 
Całe zło
Całe zło
Całe zło
    
     
 
"
metal,"
    
    My nie chcemy Waszej władzy
Waszej kasy Banków Kont
Chcemy życie i marzenia 
trzymać jak najdalej stąd
Wy kochacie swe wojenki
Sami bierzcie bomby do ręki
Baczność Spocznij Równaj Krok!
Jakie życie taki mrok
My Nie PoToTu My Nie Po To My T WasBędziemyPchać
Do szeregu Patriotów! HolaHola KurwaMać!
Ja na przykład muszę drzeć się, żeby WSZYSTKIM było LŻEJ
Więc nie mogę - wybacz mi to - Celującywnashipokryto
Dajcie nam żyć JakPragnieMy 
nie umiemy stąpać tak twardo po Ziemi
Chcemy z klasą, w pokoju i pieprząc WASZ bój
Przeżyć jak najgodniej życie ŚmierćNaZawszeJest i
Ja nie po to drę tu mordę 
żeby wszystkim było lżej
WIĘCWyReCytujęCiTo
Celującywnashipokryto
Dajcie nam żyć JakPragnieMy 
nie umiemy stąpać tak twardo po Ziemi
Chcemy z klasą, w pokoju i pieprząc WASZBÓJ
Przeżyć jak najgodniej życie
Śmierć na zawsze jest i
Może jestem pierdolnięty, 
że wciąż wierzę w TYLUzWAS
Pewnie pójdzie mi to w pięty
Może bardziej
Nie potrafię siedzieć w kącie 
zasłaniając oczy, usta, uszy
ZłoMnieDusiDobroKusi
Taka karma - ktoś musi 
całeswojeżyciedrzećsię - Bredząc3po3
Wy i tak nie zROZUMIECIE, co w tych kilku słowach tkwi
Wy wolicie (nade życie) zabijanie nas, a po - skrycie
Czaić się u Nieba wrót (lecz)
Ogrodzenie. Stoi. Drut.
DajcieNamŻyćJakPragnieMyNieUmiemy
Stąpać tak twardo po Ziemi
Chcemy z klasą, w pokoju i pieprząc wasz bój 
przeżyć jak najgodniej życie Śmierć na zawsze jest więc 
Dajcież nam żyć jak pragniemy Nie umiemy 
Stąpać tak twardo po ziemi
Chcemy z klasą i z WDZIĘKIEM pierdoląc wasz bój 
przeżyć jak najgodniej życie Śmierć na zawsze jest i
    
     
 
"
metal,"
    
    Kiedy rodzisz się nawet góry toną we krwi 
Będąc dzieckiem pragnień nadzieją zabarwiasz złe sny 
Bredząc trzy po trzy powiedziałeś, że Ty 
Jesteś Władcą Snów - uwierzyli bez słów 
Krok po kroku ich opętałeś... 
Kat oszalał brodząc we krwi 
Tak Twój lud bezmyślnie pogrążał swój kraj 
Wierząc ślepo w Ciebie szedł dalej próbując 
Odnaleźć swój Raj 
Bredząc trzy po trzy przypomniałeś, że Ty 
Jesteś Władcą Snów - wierzyli bez słów 
Poszli w ogień za tobą - zginęli przed! 
Powiększając armię cieni 
Umieram - gdy widzę jak błądzimy we mgle 
Umieram - gdy czuję, że trwamy we śnie 
Umieram - bo wiem, że Ty nie rozumiesz, że ja 
Umieram - gdy widzę jak Ty... 
Chciałeś dać Swego Boga innym, choć tego nie chcieli 
Żyli w zgodzie, spokoju - swojego Boga już mieli... 
Bredząc trzy po trzy oznajmiłeś, że Ty 
Dasz im Władcę Snów 
Nie pojęli Twych słów 
Więc zginęły miliony - ich słowa brzmiały dziwnie 
Ten sam Bóg nosił inne imię! 
Umieram - gdy widzę jak błądzimy we mgle 
Umieram - gdy czuję, że trwamy we śnie 
Umieram - bo wiem, że Ty nie rozumiesz, że ja 
Umieram - gdy widzę jak wciąż... 
...fanatyzm jest przekleństwem narodów 
Kult jednostki, religijny, polityczny, nacjonalizm 
Będą zawsze tym samym - czarną stroną człowieczeństwa 
Nic nie tłumaczy morderstwa! 
Umieram - gdy widzę jak błądzimy we mgle 
Umieram - gdy czuję, że trwamy we śnie 
Umieram - bo wiem, że Ty nie rozumiesz, że ja 
Umieram - gdy widzę jak Ty... 
Kiedy umierasz - spokój gasi ich łzy 
Lecz z odejściem twoim wkrótce nadchodzą złe sny 
Koniec prawie zawsze jest początkiem... 
Bredząc trzy po trzy wtedy zjawiasz się ty 
Jesteś Władcą Snów - zawsze idą bez słów! 
I znów zginą miliony gdy wraz z dziećmi swymi 
Zmienisz inny kraj w krainę cieni 
Umieram - gdy widzę jak błądzimy we mgle 
Umieram - gdy czuję, że trwamy we śnie 
Umieram - bo wiem, że Ty nie rozumiesz, że ja 
Umieram - wciąż widząc to...
    
     
 
"
metal,"
    
    Kiedy rodzisz się nawet góry toną we krwi 
Będąc dzieckiem pragnień nadzieją zabarwiasz złe sny 
Bredząc trzy po trzy powiedziałeś, że Ty 
Jesteś Władcą Snów - uwierzyli bez słów 
Krok po kroku ich opętałeś... 
Kat oszalał brodząc we krwi 
Tak Twój lud bezmyślnie pogrążał swój kraj 
Wierząc ślepo w Ciebie szedł dalej próbując 
Odnaleźć swój Raj 
Bredząc trzy po trzy przypomniałeś, że Ty 
Jesteś Władcą Snów - wierzyli bez słów 
Poszli w ogień za tobą - zginęli przed! 
Powiększając armię cieni 
Umieram - gdy widzę jak błądzimy we mgle 
Umieram - gdy czuję, że trwamy we śnie 
Umieram - bo wiem, że Ty nie rozumiesz, że ja 
Umieram - gdy widzę jak Ty... 
Chciałeś dać Swego Boga innym, choć tego nie chcieli 
Żyli w zgodzie, spokoju - swojego Boga już mieli... 
Bredząc trzy po trzy oznajmiłeś, że Ty 
Dasz im Władcę Snów 
Nie pojęli Twych słów 
Więc zginęły miliony - ich słowa brzmiały dziwnie 
Ten sam Bóg nosił inne imię! 
Umieram - gdy widzę jak błądzimy we mgle 
Umieram - gdy czuję, że trwamy we śnie 
Umieram - bo wiem, że Ty nie rozumiesz, że ja 
Umieram - gdy widzę jak wciąż... 
...fanatyzm jest przekleństwem narodów 
Kult jednostki, religijny, polityczny, nacjonalizm 
Będą zawsze tym samym - czarną stroną człowieczeństwa 
Nic nie tłumaczy morderstwa! 
Umieram - gdy widzę jak błądzimy we mgle 
Umieram - gdy czuję, że trwamy we śnie 
Umieram - bo wiem, że Ty nie rozumiesz, że ja 
Umieram - gdy widzę jak Ty... 
Kiedy umierasz - spokój gasi ich łzy 
Lecz z odejściem twoim wkrótce nadchodzą złe sny 
Koniec prawie zawsze jest początkiem... 
Bredząc trzy po trzy wtedy zjawiasz się ty 
Jesteś Władcą Snów - zawsze idą bez słów! 
I znów zginą miliony gdy wraz z dziećmi swymi 
Zmienisz inny kraj w krainę cieni 
Umieram - gdy widzę jak błądzimy we mgle 
Umieram - gdy czuję, że trwamy we śnie 
Umieram - bo wiem, że Ty nie rozumiesz, że ja 
Umieram - wciąż widząc to...
    
     
 
"
metal,"
    
    Na pozór wszystko gra,
ja cały czas uśmiecham się
A słowa bez znaczenia są,
bo o czymś innym myślę wciąż
Czy wiesz, jak ciężko powiedzieć wprost
to o czym myślę i to co widzę każdego dnia
Może przyjdzie taki dzień, gdy przestanę się już bać
Może kiedyś będę mógł wyrzucić z siebie wszystko
Czy widzisz to, co ja
i mówić głośno o tym chcesz
Powiedz, czy odpowiedź znasz
jak długo można słuchać kłamstw
Czy wiesz jak ciężko powiedzieć wprost...
    
     
 
"
metal,"
    
    Gdy stoisz sam u nieba bram
Dostrzegasz pewien schemat
Ty stoisz TAM, tak bardzo SAM
Toż szekspirowski temat
NieMaJużNieMa kogo zaczarować łgarstwem
To szokujący nieco FAKT
To, że umarli milczą jest tu zwykłym kpiarstwem
Tak kończy się ostatni akt
Zastukać czy nie stukać? - pytasz siebie wciąż
Czy zauważą czy nie widzą - KTO jest wąż?
Docenią czy nie docenią ofiary TWEJ?
Wiesz, że to zbrodnia ale TakUrzekłoCię,
że w NiebieBędąCzekaćCiebieAnielice
ZagrzmiPiekielnieBoskiChórNaWysoKościAch!
GdzieWidzęCUDnieChłopCyprySynogarlice
Lecz póki co PRZED TOBĄ mur
Wierząc, że JaśnieTobie 
Niebo skłoni się I otworzy RAJ
Zagrałeś pięknie Tam 
na Ziemi TERAZ graj
ZastukaćCzyNieStukać?PytaszSiebieRazPoRaz
CzyZauWażąCzyNieZaUważąZłegowNas?
ZastukaćCzyNieStukać?PytaszSiebieWciąż
CzyZauważąCzyNieWidząKtoJestWąż?
Ty WIESZ dokładnie co jest prawdą a co kłamstwem
Więc ryzykowny nieco plan tu klecisz wierząc,
że TWOJA Anielica przed tym draństwem 
zasłoni gdy zawiedzie Plan
Dostrzegasz czy nie dostrzegasz upływu dni?
Chwila nadziei, która ledwie już się tli
Za chwilę werdykt - Proszę Wstaać!NimMłotekTrzaśnie
I pojmiesz w końcu BOSKI plan PiekielNieBoski
Dostałeś WYBÓR - tylko brać
Lecz teraz Właśnie
Kompletna cisza
Stoisz sam.
Wierzyłeś, że dla CIEBIE Niebo zmieni się i otworzy Raj
Niebiański Chór zakończy plan misterny
Opanowałeś świetnie rolę Teraz graj nam pięknie
OceniJąZaChwilęPanPiekielnieSam
    
     
 
"
metal,"
    
    Dziedzictwo zła przelewa się jak mroczna rzeka,
Unosi strach, unosi piekielny zew.
Tajemna moc przybliża dzień walki demona,
Zatruty dźwięk wydaje diabelski flet, flet.
Szarańcza! Szarańcza! Szarańcza!
Wyplułem śmierć, śmierć,
Wyplułem śmierć, śmierć.
Za czarny tron, za jego black i głosy cienia
Szepczące „Pij za wiedźmy pijące krew”, krew,
Za czarci dzwon, złowieszczy kult, za heavy metal
Wypijam ciecz z owoców cierpkich jak grzech, grzech.
Szyderca! Szyderca! Szyderca!
Chcieli mnie ściąć, ściąć,
Chcieli mnie ściąć, ściąć
I wyplułem noc.
Czarownica lubi noc, nawiedzona wie,
Kiedy przylatuje czarny As.
Lucyfer, Lucyfer, jego karta, moja twarz,
Naszyjniki z kości mam do pasa.
Wszędzie budzę lęk, ludzie mówią: „On? To czart!”.
Wolno skradam się jak wąż po ofiarę swą.
    
     
 
"
metal,"
    
    Gdy obie Armie staną już naprzeciw siebie
W ostatniej walce na życie i śmierć
O pierwsze miejsce u stóp Tronu
W samym Niebie
Muszą utopić tę drugą we krwi
Ostatnie słowa rozkołyszą wielki tłum
Czas burzyć mur…
Królowie Świata!
Przecież wciąż pragniecie Nieba!
Wtykając głowę drugiego na żerdź
Gdy nam rzucicie przy okazji kawał chleba
Pozabijamy się dla was na śmierć!
Ostatnie słowa rozkołyszą wielki tłum
Wy — Przyszłe Wdowy
Nie strońcie od łez!
Zaraz Sieroty Świata
Stworzą Wielki Chór
Czas zburzyć mur
I zacząć show
Trumian Show… 
*backmasking*
Nie będzie grobu po szyję…
Nie złożą i nie nakryją cię…
NieMaNiebaNieMaNieba
Zwycięstwo…
Victory…
Победа… [czyt. pabieda]
*backmasking*
Oto jest koniec końców świata, który znamy!
Przecież żyjemy tą chwilą od lat
Ostatnie wolne miejsca w pierwszym rzędzie mamy
Ze śmiercią będzie nam tu za pan brat.
Ostatnie słowa rozkołyszą wielki tłum
Hej, Przyszłe Wdowy, nie strońcie od łez!
Przyszłe Sieroty Świata 
Stworzą Wielki Chór
Czas zburzyć mur i zacząć show...
Trumian Show… 
Nie będzie grobu po szyję…
Nie złożą i nie nakryją cię…
NieMaNiebaNieMaNieba
Zwycięstwo…
Victory…
Победа… [czyt. pabieda]
Mrok… jak…*backmasking*chuj*backmasking*
    
     
 
"
metal,"
    
    Nie chce już z Tobą dłużej być, nie chcę!
l nie potrafię żyć jak Ty! 
Nim skamienieje całkiem moje serce 
Skończę te wszystkie brudne gry! 
Za długo byłem niewolnikiem
Zbyt wiele mi zadałaś ran! 
Nie chcę! Nie chcę! Nie pragnę Ciebie! 
Odchodzę póki siłę mam! 
Tak odchodzę! Nie zatrzymasz mnie! 
Dziś ucieknę! Tam, gdzie Ciebie nie ma! 
A Ty nie powiesz nic 
Nie powiesz mi nic 
Bo nie możesz już 
Zatrzymać mnie! Zatrzymać mnie!
Czasem się łasisz do mnie,tak jak zwierzę
A potem nagle zadajesz cios 
A kiedy krew spływa po plecach 
Ty ją zlizujesz i śmiejesz się! 
Jak winorośli żarłoczne pędy 
Oplątywałaś co dzień umysł mój 
Już nie raz chciałem się od Ciebie uwolnić 
I próbowałem odepchnąć Cię 
Dzisiaj to zrobię! Uwolnię się! 
Ze słodkiej sieci, Twoich kłamstw!
I nie zrobisz nic, nie powiesz nic 
Nie powiesz mi nic 
Bo nie możesz już 
Zatrzymać mnie! Zatrzymać mnie!
To całe zło, Twoje zło 
zostanie z Tobą 
i będę sam, nareszcie sam
ze swoimi....
ze swoimi wspomnieniami, tamtych chwil...
które teraz wydają mi się tak nierealne
i odległe...  u u u...!
Tak nierealne jak sen naiwnego chłopca 
który tak pragnie, i marzy o czymś 
tak nieosiągalnym...
jak Twoja czułość i miłość, którą zabiłaś! 
Nie chcę z Tobą dłużej być 
Już nie potrafię żyć, jak Ty! 
Nie zrobię tego z Tobą nigdy 
I wyrwę z serca cały brud! 
Za długo bytem niewolnikiem 
Zbyt wiele mi zadałaś ran
Nie chcę! Nie chcę! Nie pragnę Ciebie! 
Odchodzę stąd! Nie zatrzymasz mnie!
    
     
 
"
metal,"
    
    Bezsenne noce...
Stracone dni...
Gdy równasz w szeregu...
Twój ruch rozdrażnia ich...
Gdy zagotuje się krew...
Nie wystarczy chcieć...
NIE! NIE! NIE! NIE!
Nałożyć wiernym...
Kaganiec i smycz...
Pisemną zgodę,
Na oddech i serca rytm...
Gdy zagotuje się krew...
Nie wystarczy chcieć...
NIE! NIE! NIE! NIE!
Gdy zagotuje się krew...
Będziesz krzyczał...
NIE! NIE! NIE! NIE!
Gdy już zabronią...
Wolnego kroku...
Ozdobnym stemplem...
Zaznaczą, gdzie Twój rów...
Gdy już zabraknie Ci sił...
Będziesz leżał i gnił...
Gdy już zabraknie Ci sił...
Będziesz leżał i gnił...
Gdy zagotuje się krew...
Będziesz krzyczał...
NIE! NIE! NIE! NIE!
NIE! NIE! NIE! NIE!
    
     
 
"
metal,"
    
    Choć nie zawsze zdarza się,
Że los łaskawy jest
Musisz zawsze czujnym być,
Lepiej nie przegap jej:
Tej Twojej szansy: raz na sto
Gdy wreszcie pojawi się,
By otworzyć Ci Wszystkie drzwi
I zmienić na lepsze Twój czas...
    
     
 
"
metal,"
    
    W płytkim dołku chowam sen...
Słucham głosów z głębi ziemi...
Mrówki wchodzą mi do ust!
Moje nerwy zamieniają się w korzenie!
Nie oszukasz krętych dróg...
bo na każdego czeka własna żmija i ja... i ja... i ja... i ja... i ja...
Nie oszukasz krętych dróg...
bo na każdego czeka własna...
W płytkim dołku chowam broń...
Tylko strach... adrenalina...
Która lepsza jest ze stron?
Wąż połyka ssswój ogon...
Nie oszukasz lotu kul...
bo dla każdego jedna, co ZABIJA i ja... i ja... i ja... i ja... i ja...
Nie oszukasz lotu kul...
bo dla każdego jedna, co ZABIJA i ja...
i ja... i ja... i ja... i ja...
Co ZABIJA... i ja... i ja... i ja... i ja...
W płytkim dołku złożą mnie...
Słucham głosów z głębi ziemi...
Mrówki wchodzą mi do ust...
Mam to w dupie... jestem TRUPEM...
Nie oszukam dzisiaj was...
Jestem SZTYWNY jakbym połknął KIJA i ja... i ja... i ja... i ja...
Nie oszukam dzisiaj was...
Jestem SZTYWNY jakbym połknął KIJA i ja... i ja... i ja... i ja...
Własna ŻMIJA... Co ZABIJA - To ZABIJA i ja... i ja... i ja..
I ja... I ja... I ja... I ja... I ja... I ja...
    
     
 
"
metal,"
    
    Spreparowano mi mózg typu: Odtad-dotad
Numerowane sny, chronią mnie przed głupotą
Swą role dobrze znam, wiem co należy do mnie
Marzenia ktoś mi skradł i nie mam żadnych wspomnień!
Cholerny świat, wciąż pełen łajna
A każdy człek, Augiasza stajnia
Choć jestem psem, psem mechanicznym
Nie zmienię ich, jestem bezśilny
Jak długo stoję tu - tego nikt nie wie
Wkrąg każdy to mój wróg. Kłamliwe plemię!
Złodziei chodzi tłum z maskami psiej dobroci
Ich paser to ten ksiądz, co w złotej komży chodzi
Cholerny świat...
Gdy obserwuje ich, jak maszerują razem
Mam w oczach dziki błysk, a w głowie myśli krwawe
Lecz zaraz śmiać się chce, gdy nagle zaczną pląsać
Obnosząc dumnie swe nabrzmiałe żółcią jądra
Cholerny świat...
    
     
 
"
metal,"
    
    Gdy będę duży to chcę mieć u stóp cały świat
Wierni w pokłonach, niewierni z podziwem, zza krat
Ja zdecyduję - kto żyć będzie, a kto - nie
Wszyscy z zachwytem słuchać będą tylko mnie!
Już jestem duży lecz nikt nie chce mnie słuchać... NIE!
Nie za bogaty, marzenia na raty. Jest źle.
Co zarobiłem to zaraz przepiłem i wiem, 
Że błąd popełniłem lecz za cholerę nie wiem..
Gdzie siekiery?!
Wyruszam po Królestwo!
Będę szczery - zamierzam zostać bestią!
Może BOGIEM? Kto wie?
Tuż za rogiem Królestwo czeka mnie. 
Hej żołnierzu... hen od żony...
Znowu wracasz w nasze strony...
Mimo rumianego lica..
Czeka tutaj cię kaplica.
Hej rycerzu chędożony!
Ty nie słuchasz. Obrażony?
Nie podoba się kaplica?
To spierdalaj! 
Gnij na glebie
Taki zwyczaj.
Jest trochę ciężko,
Bo świat tu nie rozumie mnie...
Ciężko pracuję- zabijam. Nie czuję się źle.
Jak nie zabijam to żołd swój przepijam i śnię
Chłopcy w koszarach szanują jednak... 
Dwie Siekiery - gdy ruszam po Królestwo!
Będę szczery - jestem nieludzką bestią!
Może BOGIEM? Kto wie?
Z większym wrogiem toporem radzę SE!
Dwie Siekiery- To moje jest Królestwo!
Jestem szczery - jestem nieludzką bestią!
Może DIABŁEM? Kto wie?
Już za rogiem Królestwo czeka mnie...
    
     
 
"
metal,"
    
    Zapomniał świat cały
co kiedyś się stało
dlaczego w noc ciemną
dziewczyna odeszła
Dlaczego wśród nocy
zakazaną drogą
pomimo złej mocy
poszła nad jezioro
Ref.
Hej, darmo trudzisz się
w ciemności stawiasz kroki
nie masz przyszłości
gwiazdy wróżą śmierć tej nocy
Bez celu błąkasz się
nie znajdziesz tu pomocy
gwiazdy wróżą dzisiaj śmierć
i grób wśród odmętów wody
W głębokim złym lesie
gdzie pośród moczarów
dziewczyna przybyła
by przyszłość zobaczyć
Jej drobna dłoń kryła
przeszłości złe ślady
lecz wiedźma nie mogła
przyszłości zobaczyć
Ref.
Stąpała powoli
wgłąb zielonej wody
dopóki nie doszła
do sedna ciemności
Pomarli rodzice
i nikt już nie pamięta
i tylko zostało
Jezioro Topielców
Ref.
A-a-a
A-a-a
Aa-a-a
    
     
 
"
metal,"
    
    Jesteś tym, kim chciałeś być...
Panem Światła i... Ciemności Król...
Brzemię żywych na swych barkach wnieś...
Skoro nie chcesz teraz spojrzeć w DÓŁ...
A tutaj jest Raj!
Nie to nam obiecałeś...
Tutaj jest płacz!
Świat w oceanie łez!
Tu był twój brzask...
Nadchodzi zmierzch twej władzy...
Chciałeś wciąż braw - toń w oceanie łez!
Teraz jesteś tylko naszym snem...
Opium ludzi, którym zawsze źle...
Byłeś wiarą każdym nowym dniem...
Teraz nie chcesz nawet spojrzeć w DÓŁ!
Bo tutaj jest strach!
Tu jest twój lęk przed sobą...
Tu jest twój plon - świat w oceanie krwi!
Bo tutaj jest krew!
Tutaj jest płacz żałoby!
Tutaj jest śmierć!
Świat w oceanie łez!
Jesteś tym, kim nie chcę być...
Panem światła i (ś)ciemności król...
Krzywdę żywych na swych barkach WNIEŚ...
Pamięć Martwych - to JEDYNY plon...
Teraz jesteś nam koszmarnym snem!
Piekłem ludzi, którym zawsze źle...!
Byłeś wiarą każdym naszym dniem!
Teraz nie chcesz nawet spojrzeć w DÓŁ!
A tutaj jest Raj!
Nie to nam obiecałeś...
Tutaj jest płacz!
Świat w oceanie łez!
Tu był twój brzask!
Nadchodzi zmierzch twej władzy!
Chciałeś wciąż braw - TOŃ w oceanie łez!
Już czas... już czas... JUŻ CZAS!!!
    
     
 
"
metal,"
    
    Jestem głodny jak dziki zwierz 
Nie znam strachu bo zjadam lęk 
Łakomie patrzę na cały świat 
Czuję jak głód pożera mnie 
Wielki głód, pożera mnie! 
Gdy czegoś chcę, muszę to mieć 
Muszę mieć! 
Wciąż nienasycony 
Gdy czegoś chcę, muszę to mieć 
Zjadam Ciebie, nie wymkniesz się 
Bo jak szaleniec wciąż pragnę Cię 
Żarłocznie chłonę Twój każdy gest 
Zamykam oczy i zjadam Cię 
Zjadam Cię! 
Zamykam oczy i zjadam Cię! 
Jestem głodny! Jestem głodny Ciebie! 
Wciąż nienasycony... 
I tak Cię zjem, nie wymkniesz się 
Zobaczysz co Ci zrobię, jak dorwę Cię 
Będziesz mdleć w ramionach mych 
Dam Ci rozkosz, a potem Cię... zjem! 
Wciąż nienasycony... 
Gdy zjem już wszystko, pożrę swoja śmierć!
    
     
 
"
metal,"
    
    Był blady jak niebo, bez cienia uśmiechu, jak wicher do lotu się rwał. 
Zapragnął spróbować, sam sobie na przekór, więc stanął na szczycie wśród skał.
Szum morza złowieszczy dobiegał z oddali, jak gdyby miał skończyć się świat.
On jednak nie widział ni burzy, ni fali gdy skrzydła rozwijał na wiatr.
Szalony Ikar, uwierzył w siłę swoich rąk.
Szalony Ikar, przekroczyć chciał zaklęty krąg.
Szalony Ikar, uwierzył w siłę swoich rąk.
Szalony Ikar, przekroczyć chciał zaklęty krąg.
Szalony Ikar, uwierzył w siłę swoich rąk.
Szalony Ikar, przekroczyć chciał zaklęty krąg.
Szalony Ikar, uwierzył w siłę swoich rąk.
Szalony Ikar...
Na oścież ramiona otworzył do lotu, choć serce wypełniał mu strach.
Lecz wiedział, że musi, że wreszcie jest gotów, że wolność ryzyka ma smak.
Wciąż wyżej i wyżej, do słońca szybował aż zniknął i spłonął jak ćma.
Tak wielu Ikarów się rodzi od nowa, a lot ich szaleńczy wciąż trwa, wciąż trwa, wciąż trwa.
Szalony Ikar, uwierzył w siłę swoich rąk.
Szalony Ikar, przekroczyć chciał zaklęty krąg. /
Szalony Ikar, uwierzył w siłę swoich rąk.
Szalony Ikar!
    
     
 
"
metal,"
    
    Ty jesteś tu najważniejszy trudno uwierzyć w to
Dla ciebie czuwają poeci byś mógł odzyskać glos
Są jeszcze ludzie prawdziwi, to oni ciebie ocala
Bez ciebie nie warto śpiewać, Ty jesteś ważny i On
Nie jesteś sam w krzyczącym tłumie ludzi
Nie jesteś sam, słyszę twój glos
Jest wielu nas, możemy się zrozumieć
Nie jesteś sam, Ty, On i Ja, i Ja
On jest tak samo ważny, czeka by dostrzec go
Jest gorzej od ciebie ubrany i czuć od niego pot
Ty się bez niego nie liczysz, choć zgubił cel i moc
Bez niego nie warto śpiewać, Ty jesteś ważny i On
Nie jesteś sam w krzyczącym tłumie ludzi
Nie jesteś sam, słyszę twój glos
Jest wielu nas, możemy się zrozumieć
Nie jesteś sam, Ty, On i Ja, i Ja!
    
     
 
"
metal,"
    
    Na dnie sarkofagu noc, czarna suknia. 
Rozrzucam korale wspomnień... 
Wtulona w włosów płaszcz, wonna rodnią swą. 
Teraz okryta snem. 
Na wpół lodowata dłoń, zimne Twe usta 
A jeszcze niedawno ogień tlił... 
Pamiętam rozkoszny wiatr, masztem gnący sztorm. 
Daję Ci moją łzę. 
Okręt mój płynie dalej, gdzieś tam... 
Serce choć popękane, chce bić...
Nie ma Cię i nie było... jest noc... 
Nie ma mnie i nie było... jest dzień...
Okręt mój płynie dalej, gdzieś tam... 
Serce choć popękane, chce bić...
Nie ma Cię i nie było... jest noc... 
Nie ma mnie i nie było... jest dzień...
    
     
 
"
metal,"
    
    Maszerują ludzie, słychać równy krok.
Duma ich rozpiera, już otarli pot.
Pracowali ciężko przez okrągły rok.
Dzisiaj maja święto, wiec maszerować chcą!
Kto nie idzie z nami,
Ten przeciwko nam.
Kto nie idzie z nami,
Ten wróg!
Już odlatują ptaki,
Do lasów pośród pól,
Krwawo zachodzi słońce,
Lecz jutro będzie znów chłodny świt.
Uśmiechnięte twarze, w oczach szczęścia błysk
Odświętne ubrania założyli dziś
Nad nimi sztandary szarpane przez wiatr
Idą zwartym tłumem, niechaj zadrży świat!
Kto nie idzie z nami,
Ten przeciwko nam.
Kto nie idzie z nami,
Ten wróg!
Heeeeeeej!
Już odlatują ptaki,
Do lasów pośród pól,
Krwawo zachodzi słońce,
Lecz jutro będzie znów chłodny świt.
    
     
 
"
metal,"
    
    Mój plan jest nadzwyczajny, mój plan głowy wzniesie ponad mur,
Mój plan zada cios nieobliczalny, by codzienności złamać bicz.
Mój plan jest dla sfory dzieci, dla których żyć to jeszcze nic.
Mój plan to z życia ram wyłamać realności dzienny kicz.
A w nocy Szatana przyjąć dłoń, tak jak Faust.
Łykanie co dzień łez w tańcu, pragnienie wzmaga chory głód.
Za dnia jak dziki pies w kagańcu, a w nocy jak piekielna dzicz.
Mój plan bez małp, bez clownów, bez tarczy, hełmu i bez lanc,
Mój plan to z życia ram wyłamać realności dzienny kicz.
A w nocy Szatana przyjąć dłoń,
W piekielnym wirze przeżyć szał,
Pędzić, pędzić wśród ognistych ciał,
Prędzej, prędzej.
Tak jak Faust.
Mój plan jest dla sfory dzieci, dla których żyć to jeszcze nic.
Mój plan dla niesfornych dzieci, by choć przez chwilę sobą być.
A w nocy Szatana przyjąć dłoń,
W piekielnym wirze przeżyć szał,
Pędzić, pędzić wśród ognistych ciał,
Prędzej, prędzej, bo dopadnie szary świt,
Prędzej, prędzej, bo dopadnie zwykły dzień,
Prędzej, prędzej.
    
     
 
"
metal,"
    
    W zmarzniętym mieście właśnie trwa 
Spektakl gaszenia zbędnych lamp 
Z brudnego nieba spływa chłód 
Nocne koszmary budzą się... 
W tym mieście każdy czuje się sam 
Gdy sen jak zwykle nie chce przyjść... 
Chyba napiszę do Ciebie list 
By opowiedzieć Ci...
Jak bardzo Ciebie pragnę!
Jak bardzo pragnę Cię! 
To miasto zawsze było tak obce 
Żarłocznych ulic sieć 
Już Cię niedługo całkiem połknie 
Tak jak codziennie zjada mnie 
Od dawna tutaj czuję się sam 
Szczególnie nocą, gdy obok śpisz 
Zanim ta pustka zabije mnie 
Musze napisać Ci...
Jak bardzo Ciebie pragnę!
Jak bardzo pragnę Cię! 
    
     
 
"
metal,"
    
    Zazdrościsz ptakom ich lotu 
Wolności wiatr chciałbyś poczuć 
I trzepot skrzydeł koi twój ból, lęk i strach 
Ty jesteś wolnym ptakiem miasta, 
Którego już nie złamie nic 
Bo rosną w tobie białe skrzydła 
Poszybuj na nich nawet pod wiatr! 
Marzyłeś o świecie bez granic 
Za tobą wielkie podróże 
Gdzie twoje miejsce 
Teraz już wiesz, wiesz, wiesz! 
Ty jesteś wolnym ptakiem miasta... 
Yeh, yeh, yeh...
    
     
 
"
metal,"
    
    Chciałbyś czasu dużo mieć 
Robić w życiu nie chcesz nic 
Volvo ci się marzy też 
Reszta to na wodę pic! 
Telewizor, kino, piwo... Jak przyjemnie! 
To jest całą twą rozrywką 
Twe ambicje poszły w las 
Wychowały cię mass media 
Nie wysilał się twój mózg 
W szkole była też tragedia 
Choć ci nie szczędzono rózg! 
Chcesz się wyspać, najeść, napić 
Chcesz panienki ciągle rwać 
Kabzę szmalem tez chcesz nabić 
Chcesz od życia tylko brać 
Lecz nadejdzie taki czas 
Gdy nie będzie już skąd brać 
Wtedy nie zostanie nic 
Tylko zacząć ostro pić! 
Wychowały cię mass media 
Nie wysilał się twój mózg 
W szkole była tez tragedia 
Choć ci nie szczędzono rózg!
    
     
 
"
metal,"
    
    Masz w oczach swych lubieżny błysk
I to mnie do Ciebie ciągnie
Wciąż mówisz mi, że boisz się
Lecz bronisz się tak łagodnie
Czuje, ze cala drżysz
Widzę, że brak Ci tchu
Nie chcesz ulegać mi
Lecz robisz to, bo jest Ci dobrze
Jesteś świetna! Brak mi na to słów
Czysta rozkosz - dotyk Twoich ust
To french love!
Lubisz to!
Gdy dziwie się, skąd Ty to znasz
I kto Cię tak wyszkolił
Uśmiechasz się, bo teraz wiesz
Ze umiesz mnie zadowolić
Czujesz, ze cały drze
Widzisz, ze brak mi tchu
Lecz pytasz czy dobrze mi
O, tak! To cudowne!
Jesteś świetna!...
    
     
 
"
metal,"
    
    Znów dzisiaj jesteś smutny, zżera cię strach
Ktoś ci kazał być innym
Choć masz już tak wiele lat, tak wiele lat
Hej, nie przejmuj się
Nie tylko tobie jest źle
Już nie przejmuj się
Nie tylko tobie jest źle
Pokaz wreszcie co potrafisz, na co cię stać
Nie bądź taki przestraszony
Bo dla ciebie jest ten popieprzony świat!
Hej, nie przejmuj się...
Przecież po to właśnie żyjesz, 
by cos z tego życia mieć
I nie po to się uczyłeś
Aby tylko jeść i jeść i jeść...
Hej, nie przejmuj się...
    
     
 
"
metal,"
    
    Nie płacz mała, on nie był ciebie wart 
Nie płacz! Będziesz jeszcze miała fart 
Zrozum, mała, tak już czasem musi być 
Jeśli tego będziesz chciała możesz jeszcze nieźle żyć 
Słono płacisz za tę noc, nie pomoże ci w tym nikt 
Dziś miłości masz już dość, nie płacz mała bo to wstyd! 
Nie płacz mała, zetrzyj z twarzy czarny tusz 
Nie płacz! Nie płacz! 
I zapomnij o nim już! 
Przestań, przestań! 
Ty nie możesz tyle pić 
Zrozum, mała, dobrą matką musisz być 
Słono płacisz za tę noc, nie pomoże ci w tym nikt 
Dziś miłości masz już dość, nie płacz mała bo to wstyd!
    
     
 
"
metal,"
    
    Miażdżonych ludzi przenikliwy krzyk,
Łamanych kości trzask,
Zbliża się ognisty miecz!
Szatańska kawaleria czarna śmierć!
Z rozdartym krzykiem,
Wciąż przed siebie mknie,  zbliża się!
Spalić, zgnieść, spalić, zgnieść, szatańska kawaleria,  czarna śmierć!
Spalić, zgnieść, spalić, zgnieść, dokona się okropna rzeź!
Spalić, zgnieść, spalić, zgnieść, ludzie, ludziom niosą śmierć!
Spalić, zgnieść, spalić, zgnieść!
Płonących ludzi przenikliwy krzyk,
A przedtem wybuch, straszny błysk, 
Wielki grzyb!
Szatana histeryczny słychać śmiech,
Dokonał swego dzieła, cieszy się,
Kipi gniew!
Spalić, zgnieść, spalić, zgnieść, szatańska kawaleria,  czarna śmierć!
Spalić, zgnieść, spalić, zgnieść, dokona się okropna rzeź!
Spalić, zgnieść, spalić, zgnieść, ludzie, ludziom niosą śmierć!
Spalić, zgnieść, spalić, zgnieść!
Śmierć, wszędzie śmierć, wszędzie krew, wszędzie krew, Krew!
Krew! Krew! Krew! Krew!
Spalić, zgnieść, spalić, zgnieść, szatańska kawaleria,  czarna śmierć!
Spalić, zgnieść, spalić, zgnieść, dokona się okropna rzeź!
Spalić, zgnieść, spalić, zgnieść, ludzie, ludziom niosą śmierć!
Spalić, zgnieść, spalić, zgnieść!
W błagalnym geście wyciągnięta dłoń,
Diabelski tabun zgniata ją,
Zgniata ją!
Ostatni podryg i ostatni krzyk, 
Zniknęła ludzkość,
Nie ma już nic, nie ma nic!
 
Spalić, zgnieść, spalić, zgnieść, szatańska kawaleria,  czarna śmierć!
Spalić, zgnieść, spalić, zgnieść, dokona się okropna rzeź!
Spalić, zgnieść, spalić, zgnieść, ludzie, ludziom niosą śmierć!
Spalić, zgnieść, spalić, zgnieść!
    
     
 
"
metal,"
    
    Siedziałem w barze, nie czekałem na nic, czułem się źle
Nagle weszłaś ty, tak cię poznałem, nie wiedziałem, że
Jesteś jak kotka niewinna tak
Jesteś jak lwica zaborcza, drapieżna
Jesteś jak pająk czujnie łakoma
twe ciało jest wciąż nienasycone
Zaczynasz zniewalać mnie...
Swym ciałem pożerasz mnie!
I odtąd wszędzie bywaliśmy razem, w noc i w dzień
Już przeczuwałem co się ze mną stanie, bo odkryłem, że
Jestem celem twej namiętności
Padłem ofiara zachłanności twej
Zniewalasz mnie, oślepiasz mnie
Pożerasz mnie swym ciałem!
Swym gestem zniewalasz mnie...
Swym ciałem pożerasz mnie...
    
     
 
"
metal,"
    
    Czy pomyślałeś co zrobisz, gdy
Nagle karabin wręczą ci
Czy przewidziałeś co stanie się
Gdy już wyjaśnią ci jak trafiać w cel
Czy w swoje dłonie weźmiesz go
Czy się zawahasz przez chwile choć
Gdy drżącym palcem trafisz na spust
Co wtedy zrobisz, powiedz co?
Strzelisz! Najtrudniej pierwszy raz
Strzelisz! Już nie zawahasz się
A teraz pomyśl co stanie się
Gdy cię naucza już słowa wróg
Ktoś wskaże palcem, krzyknie on
Padnie komenda, co zrobisz, co?
Strzelisz! Bo zdławi cię strach
Strzelisz! Już nie wycofasz się
Strzelisz! Bo zdławi cię strach!
Strzelisz! Stanie się tak!
Strzelisz! Karabin masz!
Strzelisz! Zabijesz go!
    
     
 
"
metal,"
    
    Podobno każdy wolny jest i może robić to co chce 
Podobno zawsze tak ma być, by każdy mógł na luzie żyć 
Podobno ludzie tego chcą, walczyli o to wiele lat 
Gdzieś dokumenty na to są, by całkiem szary nie był świat 
Lecz swego stróża każdy ma 
Co chodzi za nim tak jak cień 
I każdy z nim o wolność gra 
By lepszy był następny dzień 
Podobno człowiek sobą jest, podobno zawsze tak ma być 
Podobno Hołdys walczył też, byś o wolności nie musiał śnić 
Podobno wszyscy tego chcą jak długi i szeroki świat 
Podobno wszyscy tego chcą, by łączył ich victorii znak
    
     
 
"
metal,"
    
    Dwanaście złotych może zabić miłość w człowieku
Stoisz samotna przy małej budce koło dworca PKS-u
Na zewnątrz zimno, a w środku ciepło dzieli cię lada i brudne okienko
Turek wbija tasak - to jest nasz kat, z baraniny robi danie
Przez żołądek do serca nie trafisz do mnie
przez żołądek po rozstanie
Pytasz czy czuje dreszcz i bicie serca twego
Ja nie czuje nic, tylko z ust twych odór sosu czosnkowego
Dziewczyno z kebabem, proszę nie otwieraj ust
Dziewczyno z kebabem, sosy kapią ci na biust
Dziewczyno z kebabem, tasak wbijasz w serce mi
Dziewczyno z kebabem, wyjdź stąd ! Tam są drzwi
Dwie noce nie spałem, nie to, że tęskniłem
Całe dwie noce mieszkanie wietrzyłem
Podwójne mięso, sos dobrze wymieszany
Kebab parzył cię w dłonie, byłem w tobie zakochany
Wciąż widzę cie jak kroczysz ulicami
Z cebulą między twoimi zębami
Na policzku keczup, włosy w baraninie
To już koniec opowieści o kebabowej dziewczynie
Pytasz czy czuje dreszcz i bicie serca twego
Ja nie czuje nic, tylko z ust twych odór sosu czosnkowego
Dziewczyno z kebabem, proszę nie otwieraj ust
Dziewczyno z kebabem, sosy kapią ci na biust
Dziewczyno z kebabem, tasak wbijasz w serce mi
Dziewczyno z kebabem, wyjdź stąd ! Tam są drzwi
Dziewczyno ma piękna jak w snach
Wciąż czuje kebab, wciąż czuje kebab
Nie chciałem brać, chciała mi dać
kawałek nieba, kawałek nieba
Dziewczyno ma piękna jak w snach
Wciąż czuje kebab, wciąż czuje kebab
Nie chciałem brać, chciała mi dać
kawałek nieba, kawałek nieba
    
     
 
"
metal,"
    
    Wszyscy pragną rock and rolla 
Rock and roll nasz wielki brat 
Taka chyba niebios wola 
Rock and roll zdobywa świat 
Ten pijany rytm 
To jest właśnie wielki rock 
My kochamy wszyscy rock and rolla 
Kocha go też z nami cały świat 
Taka w życiu nasza rola 
Rock and rolla dobrze grać! 
Hej dziewczyno! Baw się z nami 
Cały świat oszalał już 
My dla ciebie przecież gramy 
Bo ty też chcesz rocka czuć 
Nie ma dnia bez rock and rolla 
Więc z nami tańcz, z nami tańcz 
My kochamy wszyscy rock and rolla 
Kocha go też z nami cały świat 
Taka w życiu nasza rola 
Rock and rolla dobrze grać!
    
     
 
"
metal,"
    
    Pierwszego nie przepijam, drugiego zresztą też
Trzeciego i czwartego i piątego też nie
Na kolorowe drinki wiem że jest teraz moda
Dla mnie drink najlepszy to spirytus plus woda
Pije cały dzień, do domu rzadko wracam
W życiu tylko raz po perfumach miałem kaca
Na komunii czystą zdradziłem dla burbonu
Tak się porobiłem, że nie mogłem znaleźć domu
Nie! Nigdy nie przepijam, bo po co smaka psuć
Nie! Nie chce się przepoją truć
Nie dla mnie drogie whisky, czy drinki z melona
Z Andrzejem po dychu i mamy na kielona
Jak idziemy do knajpy i flaszkę swą niesiemy
Dobrze się bawimy a stówa jest w kieszeni
Nie jestem wybredny, jak częstują nie odmówię
Lecz najlepiej się czuje, kiedy pije tanią wódę
Po co drogie wina, szampany z Guantanamo
Przecież po gorzale rano zrzygam się tak samo
(A ja Ci powiem, że ja to se lubię wypić) 
Nie! Nigdy nie przepijam, bo po co smaka psuć
Nie! Nie chce się przepoją truć
    
     
 
"
metal,"
    
    Pierwsza... 
Pierwsza by zobaczyć Twoje oczy
Druga...
Druga by zobaczyć Twoje usta
Trzecia...
Trzecia po to by zobaczyć całą twoją twarz
Trzy zapałki kolejno... trzy zapałki kolejno
Zapalone nocą...
Pierwsza by zobaczyć Twoje oczy
Druga...
Druga by zobaczyć Twoje usta
I całkowity zmrok, aby wszystkiego nauczyć się na pamięć
Gdy obejmę Cię... gdy obejmę Cię
Swymi ramionami...
Pierwsza by zobaczyć Twoje oczy
Druga...
Druga by zobaczyć Twoje usta
Trzecia...
Trzecia po to by zobaczyć całą Twoją twarz
Trzy zapałki kolejno... trzy zapałki kolejno
Zapalone nocą...
    
     
 
"
metal,"
    
    Znowu w życiu mi nie wyszło 
Uciec pragnę w wielki sen 
Na dno tamtej mej doliny 
Gdzie sprzed dni dogonić dzień 
W tamten czas lub jego cień  
Znowu obłok ten różowy 
Pod nim dom
i tamta sień 
Wszystko w białej tej dolinie 
Gdzie sprzed dni doganiam dzień 
Jeszcze głębiej zapaść w sen 
Późno, późno, późno jest 
Sam wiem że zbyt późno jest 
By zaczynać wszystko znów 
Późno, późno, późno..
Sam wiem że zbyt późno jest 
By zaczynać wszystko znów 
Znowu szarych dni pagóry 
Znów codziennych rzeczy las
Wolę swoją snów dolinę 
Obok której płynie czas 
Szuka jej kto był tu raz
    
     
 
"
metal,"
    
    Chodzą, chodzą ludzie po świecie 
Nic im w życiu się nie wiedzie 
Tacy mali, tacy biedni 
Przestraszeni, zagubieni 
Chodzą spodnie, buty, szelki 
Pełne wrażeń smutne twarze 
Wciąż te same smutne twarze 
Chodzą mędrcy, chodzą głupcy 
Wciąż czekając na swój dzień 
Nie ma winnych, wszyscy święci 
Nie ma winnych, wszyscy święci 
Wszyscy świeci 
Nie ma winnych, wszyscy święci 
Chodzą w przód, chodzą w tył 
Nic nie widzą, nic nie słyszą 
A gdy złapią dobry kurs 
Wtedy ze wszystkiego szydzą 
Idą ludzie idą, cos im się tam roi 
Myślą ludzie myślą, a każdy każdego się boi 
Nie ma winnych, wszyscy święci... 
Nie potrafią nawet kochać 
Brak im luzu i radości 
Często robią głupie miny 
Świat ich nudzi, świat ich złości 
Mają brzydkie myśli 
To ich cieszy, to ich bawi 
I tak sobie idą 
Równym kroczkiem do kliniki 
Nie ma winnych, wszyscy święci...
    
     
 
"
metal,"
    
    Słyszę ostatnio jak mówisz, że 
Twoje życie jest jakieś mdłe! 
Nawet ulubiony seks 
Dawno nie rajcuje! Nie! 
Każde lustro budzi wstręt, 
Bo tam widzisz swoją twarz! 
Cały świat, ten brudny ściek, 
Coraz bardziej wkurwia cię! 
Hej! Hej! Co z tobą jest? 
Obudź się l spójrz na świat! 
Tyle szans Przynosi los! 
Uwierz mi! Dziś jest twoja, nie zgub jej! 
Hej! Hej! Otwórz oczy! 
Popatrz:
Jak pięknie jest! 
Spróbuj jeszcze raz! 
Nie mów: „to już koniec! 
Tyle szans daje los! 
Ta jest twoja! Złap ją! Złap! 
Nie chcę zobaczyć twojej miny 
Gdy odkryjesz to, co ja, 
Że z głupoty wciąż tracimy 
Setki naszych nowych szans 
Bo można szaleć aż do rana, 
Choć jutro trzeba wcześnie wstać...
Więc decyduj: co robimy? 
Dajemy czadu, czy znowu...spać?
Hę]! Hej! Obudź się
Otwórz oczy I spójrz na świat! 
Zrozum, że 
Mnóstwo szans 
Przynosi los! 
Dziś jest twoja, więc ją złap! 
Hej! Hej! Otwórz oczy! 
Popatrz Jak pięknie jest! 
Spróbuj jeszcze raz! 
Nie mów: „to już koniec! 
Tyle szans przynosi los! 
Ta jest twoja! Złap ją! Złap!
    
     
 
"
metal,"
    
    Mają wielu wrogów, dobrych przyjaciół też
Nikt pałaców, nie stawia jeszcze im
A zwykli, śmieszni ludzie z tzw. niższych sfer
Widzą w nich tylko hieny, co wyszły na łatwy,  tani żer.
Chcą być kimś, wszystko mieć, tylko brać
Kupić świat i życie, ciągle śnić, tylko śnić, ciągle śnić…
Ze zwykłymi ludźmi układów nie chcą mieć.
Lubią bankiety – chętnie bywają tam.
I mają swoich proroków, co wyrokują wciąż
Że gwiazda ich nie zgaśnie, a do sukcesu tylko krok.
Chcą być kimś...
Kiedyś się obudzą zobaczą wtedy, że:
Zostali sami, wszystko przepadło gdzieś
A zwykli śmieszni ludzie z tzw. niższych sfer
Będą spokojnie żyli czekając na swój wielki dzień
Chcą być kimś...
    
     
 
"
metal,"
    
    Ściśnięte mordercze pięści,
Brat przeciw bratu chce iść.
Matka zarzyna swe dzieci,
Szaleństwo chaos i łzy.
Nie, nie ma już nadziei,
Koniec gry.
Rozdane trefle i kiery,
Sądne dni.
Ostatnie zgrzytanie zębów,
Ostatni grzeszników płacz,
Ostatnie modły kapłanów,
Na wszystko przyszedł już czas!
Otwarta kamienna brama,
Za progiem tysiące dusz.
Każda osobno spalana,
Dla każdej oddzielny stróż!
Nie, nie ma już nadziei,
Koniec gry.
Rozdane trefle i kiery,
Sądne dni.
    
     
 
"
metal,"
    
    Sam 
Sam 
Sam 
Sam ze sobą 
Sam 
Sam 
Sam 
Już nie z Tobą 
Życie toczy się jak zaklęty krąg 
Nic nie klei się mam już tego dość 
Zostawiłaś mnie - gdzie Cię szukać mam 
Zostawiłaś mnie i znów jestem sam! 
Sam 
Sam 
Sam 
Wciąż bez ciebie 
Sam 
Sam 
Sam szukam Ciebie 
Życie toczy się jak zaklęty krąg 
Nic nie klei się mam już tego dość 
Zostawiłaś mnie - gdzie Cię szukać mam 
Zostawiłaś mnie i znów jestem sam!
Sam!
(solo)
Sam 
Sam 
Sam 
Wciąż bez ciebie 
Sam 
Sam 
Sam szukam Ciebie 
Życie toczy się jak zaklęty krąg
Nic nie klei się mam już tego dość
Zostawiłaś mnie - gdzie Cię szukać mam
Zostawiłaś mnie i znów jestem sam!
    
     
 
"
metal,"
    
    Zrozum, wreszcie zrozum
Tyle już za nami
A my niby ci sami
Lecz nasz uśmiech rozwiał się jak dym
Zrozum, no wreszcie zrozum
Że nie tak być miało
Tyle z tego zostało
Że po prostu z bólu chce się wyć
Życie na pozór, nasz chleb powszedni
Dziś tak nam potrzebny
Lecz żal tamtych dat, lecz żal tamtych lat
Bo jak dalej z tym mam żyć
I zrozumieć, że my to wciąż my
Zrozum, no wreszcie zrozum
Że nie tak być miało
Tyle z tego zostało
Że po prostu z bólu chce się wyć
Życie na pozór, nasz chleb powszedni
Dziś tak nam potrzebny
Lecz żal tamtych dat, lecz żal tamtych lat
Bo jak dalej z tym mam żyć
I jak wierzyć, że my to wciąż my
    
     
 
"
